Employee_ID,Attrition_Risk_Score,Attrition
200001,97,Yes
200002,72,Yes
200003,45,No
200004,49,Yes
200005,20,No
200006,77,Yes
200007,74,Yes
200008,70,Yes
200009,41,No
200010,33,No
200011,51,Yes
200012,10,No
200013,64,Yes
200014,31,No
200015,30,No
200016,55,No
200017,46,No
200018,52,No
200019,45,Yes
200020,41,No
200021,74,Yes
200022,48,No
200023,56,Yes
200024,60,No
200025,35,No
200026,22,No
200027,59,Yes
200028,35,No
200029,45,No
200030,28,No
200031,21,No
200032,64,Yes
200033,47,No
200034,20,No
200035,21,No
200036,56,No
200037,17,No
200038,45,Yes
200039,66,No
200040,53,No
200041,67,No
200042,42,No
200043,17,No
200044,43,No
200045,42,No
200046,71,Yes
200047,32,No
200048,35,No
200049,43,Yes
200050,51,No
200051,57,Yes
200052,48,No
200053,65,Yes
200054,48,No
200055,49,Yes
200056,62,No
200057,55,No
200058,65,Yes
200059,20,No
200060,28,No
200061,50,Yes
200062,11,No
200063,65,No
200064,55,Yes
200065,36,No
200066,72,Yes
200067,46,No
200068,41,Yes
200069,45,No
200070,90,Yes
200071,44,No
200072,100,Yes
200073,29,No
200074,38,Yes
200075,57,No
200076,48,No
200077,25,No
200078,38,No
200079,58,No
200080,100,Yes
200081,47,Yes
200082,68,Yes
200083,60,No
200084,40,No
200085,52,No
200086,27,No
200087,88,Yes
200088,56,Yes
200089,45,No
200090,68,Yes
200091,62,No
200092,49,No
200093,46,No
200094,45,No
200095,31,No
200096,2,No
200097,56,Yes
200098,46,No
200099,33,No
200100,57,Yes
200101,60,Yes
200102,38,No
200103,44,Yes
200104,76,Yes
200105,40,Yes
200106,42,No
200107,30,No
200108,42,No
200109,30,No
200110,64,No
200111,56,No
200112,37,No
200113,57,Yes
200114,60,No
200115,29,No
200116,40,No
200117,97,Yes
200118,23,No
200119,45,No
200120,43,No
200121,61,Yes
200122,36,No
200123,61,Yes
200124,7,No
200125,31,No
200126,38,No
200127,3,No
200128,51,No
200129,40,Yes
200130,53,Yes
200131,40,No
200132,31,No
200133,34,No
200134,62,Yes
200135,33,No
200136,24,No
200137,35,No
200138,14,No
200139,53,Yes
200140,83,Yes
200141,53,Yes
200142,12,No
200143,85,Yes
200144,67,No
200145,35,No
200146,28,No
200147,57,No
200148,24,No
200149,27,No
200150,42,No
200151,22,No
200152,67,Yes
200153,32,No
200154,58,No
200155,29,Yes
200156,54,No
200157,58,No
200158,59,Yes
200159,59,Yes
200160,58,No
200161,69,No
200162,52,No
200163,36,No
200164,23,No
200165,56,No
200166,32,No
200167,43,No
200168,47,Yes
200169,27,No
200170,59,Yes
200171,51,No
200172,16,No
200173,29,No
200174,34,No
200175,33,No
200176,87,Yes
200177,47,No
200178,60,Yes
200179,37,No
200180,71,Yes
200181,46,No
200182,19,No
200183,26,No
200184,28,No
200185,31,No
200186,63,No
200187,43,No
200188,66,Yes
200189,35,No
200190,26,No
200191,95,Yes
200192,40,No
200193,27,No
200194,34,No
200195,72,Yes
200196,72,Yes
200197,96,Yes
200198,59,No
200199,59,Yes
200200,85,Yes
200201,61,Yes
200202,0,No
200203,45,Yes
200204,39,No
200205,31,No
200206,35,No
200207,24,No
200208,50,No
200209,46,No
200210,62,Yes
200211,22,No
200212,57,Yes
200213,38,No
200214,39,No
200215,21,No
200216,69,Yes
200217,36,No
200218,39,No
200219,41,No
200220,74,Yes
200221,46,Yes
200222,53,No
200223,64,Yes
200224,67,Yes
200225,69,No
200226,61,Yes
200227,23,No
200228,54,Yes
200229,21,No
200230,12,No
200231,69,Yes
200232,57,No
200233,37,No
200234,28,No
200235,49,No
200236,18,No
200237,57,Yes
200238,52,No
200239,63,Yes
200240,39,Yes
200241,33,No
200242,70,Yes
200243,44,No
200244,75,Yes
200245,77,Yes
200246,37,No
200247,6,No
200248,74,Yes
200249,0,No
200250,63,No
200251,80,Yes
200252,29,No
200253,37,No
200254,15,No
200255,50,No
200256,2,No
200257,62,No
200258,32,No
200259,35,No
200260,29,Yes
200261,72,Yes
200262,48,Yes
200263,56,Yes
200264,77,Yes
200265,49,No
200266,59,Yes
200267,32,No
200268,34,No
200269,41,No
200270,28,No
200271,38,No
200272,39,No
200273,42,Yes
200274,35,Yes
200275,51,No
200276,40,Yes
200277,65,Yes
200278,17,No
200279,48,No
200280,65,Yes
200281,32,No
200282,49,No
200283,67,Yes
200284,24,No
200285,80,Yes
200286,35,No
200287,10,No
200288,22,No
200289,41,No
200290,84,Yes
200291,68,Yes
200292,43,No
200293,36,No
200294,3,No
200295,33,No
200296,39,No
200297,82,Yes
200298,57,Yes
200299,64,No
200300,24,No
200301,65,Yes
200302,37,No
200303,33,No
200304,42,No
200305,48,Yes
200306,66,No
200307,59,Yes
200308,0,No
200309,79,Yes
200310,62,Yes
200311,43,Yes
200312,51,No
200313,30,No
200314,31,No
200315,83,Yes
200316,64,No
200317,72,Yes
200318,88,Yes
200319,66,Yes
200320,33,No
200321,75,No
200322,70,Yes
200323,47,Yes
200324,47,No
200325,30,No
200326,74,Yes
200327,51,No
200328,35,Yes
200329,70,No
200330,58,Yes
200331,50,No
200332,20,No
200333,34,No
200334,85,Yes
200335,23,No
200336,55,No
200337,34,No
200338,28,No
200339,41,No
200340,64,Yes
200341,48,No
200342,93,Yes
200343,25,No
200344,48,No
200345,43,No
200346,36,No
200347,48,No
200348,32,No
200349,51,No
200350,37,No
200351,69,No
200352,54,No
200353,4,No
200354,2,No
200355,38,Yes
200356,36,Yes
200357,76,Yes
200358,48,No
200359,56,No
200360,18,No
200361,26,No
200362,63,Yes
200363,70,Yes
200364,23,No
200365,51,Yes
200366,54,No
200367,35,No
200368,44,No
200369,90,Yes
200370,46,No
200371,39,No
200372,77,No
200373,21,No
200374,38,No
200375,4,No
200376,75,Yes
200377,100,Yes
200378,16,No
200379,24,No
200380,54,No
200381,51,Yes
200382,59,Yes
200383,27,No
200384,17,No
200385,84,Yes
200386,60,Yes
200387,55,No
200388,41,No
200389,58,No
200390,51,No
200391,63,Yes
200392,27,Yes
200393,82,Yes
200394,69,Yes
200395,44,No
200396,16,No
200397,54,Yes
200398,29,No
200399,40,No
200400,41,No
200401,69,No
200402,59,Yes
200403,34,No
200404,43,No
200405,70,Yes
200406,39,Yes
200407,38,No
200408,21,No
200409,25,No
200410,53,No
200411,45,No
200412,75,Yes
200413,29,No
200414,63,No
200415,74,Yes
200416,46,No
200417,27,No
200418,37,No
200419,46,No
200420,74,Yes
200421,56,Yes
200422,12,No
200423,42,No
200424,12,No
200425,38,No
200426,65,Yes
200427,1,No
200428,37,No
200429,84,Yes
200430,46,No
200431,94,Yes
200432,46,Yes
200433,44,No
200434,61,Yes
200435,56,No
200436,65,Yes
200437,3,No
200438,36,No
200439,24,No
200440,50,No
200441,42,No
200442,45,Yes
200443,71,No
200444,59,No
200445,44,No
200446,43,No
200447,0,No
200448,46,No
200449,75,No
200450,30,No
200451,61,Yes
200452,61,No
200453,62,Yes
200454,49,No
200455,56,Yes
200456,50,No
200457,32,No
200458,57,Yes
200459,66,No
200460,27,No
200461,65,Yes
200462,20,No
200463,61,Yes
200464,47,No
200465,24,No
200466,60,Yes
200467,34,No
200468,47,Yes
200469,30,No
200470,79,Yes
200471,44,No
200472,37,No
200473,42,No
200474,19,No
200475,71,Yes
200476,45,No
200477,50,No
200478,6,No
200479,43,No
200480,20,No
200481,45,No
200482,25,No
200483,35,No
200484,57,Yes
200485,30,No
200486,55,Yes
200487,85,Yes
200488,63,Yes
200489,14,No
200490,26,No
200491,78,Yes
200492,48,No
200493,76,No
200494,64,Yes
200495,70,Yes
200496,46,No
200497,34,No
200498,37,No
200499,73,Yes
200500,97,Yes
200501,37,No
200502,62,Yes
200503,44,No
200504,77,No
200505,55,No
200506,54,No
200507,54,No
200508,33,No
200509,32,No
200510,75,Yes
200511,50,Yes
200512,81,Yes
200513,59,No
200514,70,No
200515,77,Yes
200516,42,Yes
200517,50,Yes
200518,33,No
200519,40,No
200520,37,Yes
200521,100,Yes
200522,53,No
200523,50,Yes
200524,83,Yes
200525,16,No
200526,59,No
200527,20,No
200528,46,No
200529,100,Yes
200530,26,No
200531,61,Yes
200532,68,Yes
200533,65,No
200534,18,No
200535,9,No
200536,49,No
200537,27,No
200538,52,No
200539,38,No
200540,29,No
200541,45,No
200542,66,No
200543,69,Yes
200544,51,No
200545,34,No
200546,37,No
200547,74,Yes
200548,44,Yes
200549,78,Yes
200550,63,Yes
200551,59,Yes
200552,23,No
200553,32,No
200554,22,No
200555,50,No
200556,16,No
200557,34,Yes
200558,72,Yes
200559,33,Yes
200560,71,Yes
200561,18,No
200562,56,No
200563,21,No
200564,40,No
200565,50,Yes
200566,57,No
200567,14,No
200568,46,No
200569,50,No
200570,70,Yes
200571,33,Yes
200572,70,No
200573,76,Yes
200574,37,No
200575,16,No
200576,69,Yes
200577,59,No
200578,73,Yes
200579,62,Yes
200580,11,No
200581,41,Yes
200582,37,Yes
200583,34,No
200584,59,No
200585,20,No
200586,35,No
200587,18,No
200588,71,Yes
200589,26,No
200590,19,No
200591,59,Yes
200592,38,No
200593,27,No
200594,40,No
200595,76,Yes
200596,30,No
200597,39,No
200598,77,Yes
200599,44,No
200600,55,Yes
200601,59,No
200602,57,Yes
200603,54,No
200604,35,No
200605,38,No
200606,63,Yes
200607,59,Yes
200608,36,No
200609,77,Yes
200610,37,No
200611,24,No
200612,83,Yes
200613,84,Yes
200614,41,No
200615,70,Yes
200616,63,Yes
200617,18,No
200618,42,No
200619,2,No
200620,38,Yes
200621,38,No
200622,22,No
200623,53,Yes
200624,37,Yes
200625,92,Yes
200626,47,No
200627,65,Yes
200628,46,No
200629,44,No
200630,41,No
200631,22,No
200632,81,Yes
200633,57,No
200634,60,No
200635,33,No
200636,36,Yes
200637,47,No
200638,6,No
200639,84,Yes
200640,51,No
200641,57,No
200642,44,No
200643,44,No
200644,62,Yes
200645,64,No
200646,31,No
200647,24,No
200648,48,No
200649,71,Yes
200650,51,Yes
200651,44,No
200652,51,Yes
200653,70,Yes
200654,41,No
200655,41,No
200656,31,No
200657,43,No
200658,19,No
200659,55,No
200660,54,No
200661,26,No
200662,33,No
200663,51,Yes
200664,58,No
200665,71,No
200666,70,Yes
200667,41,No
200668,48,Yes
200669,56,Yes
200670,42,No
200671,15,No
200672,36,No
200673,56,Yes
200674,59,Yes
200675,46,No
200676,65,Yes
200677,48,No
200678,55,Yes
200679,39,No
200680,96,Yes
200681,46,Yes
200682,57,No
200683,44,No
200684,42,No
200685,32,No
200686,43,No
200687,19,No
200688,85,Yes
200689,16,No
200690,46,Yes
200691,62,No
200692,88,Yes
200693,29,No
200694,39,No
200695,54,No
200696,84,Yes
200697,59,Yes
200698,68,No
200699,35,No
200700,51,No
200701,23,No
200702,34,No
200703,29,No
200704,52,No
200705,39,No
200706,63,Yes
200707,52,Yes
200708,55,No
200709,87,Yes
200710,44,No
200711,37,No
200712,37,No
200713,60,Yes
200714,69,Yes
200715,100,Yes
200716,68,Yes
200717,62,Yes
200718,33,No
200719,43,No
200720,26,No
200721,60,No
200722,64,Yes
200723,38,No
200724,48,Yes
200725,47,Yes
200726,45,No
200727,61,No
200728,27,No
200729,43,No
200730,55,No
200731,32,No
200732,23,Yes
200733,17,No
200734,4,No
200735,65,No
200736,47,No
200737,44,No
200738,5,No
200739,6,No
200740,50,No
200741,60,Yes
200742,48,Yes
200743,63,No
200744,61,Yes
200745,56,No
200746,76,Yes
200747,41,No
200748,19,No
200749,75,Yes
200750,78,Yes
200751,46,No
200752,32,No
200753,0,No
200754,39,No
200755,73,Yes
200756,38,No
200757,54,No
200758,34,No
200759,20,No
200760,45,No
200761,43,No
200762,76,Yes
200763,56,Yes
200764,41,No
200765,57,No
200766,75,No
200767,51,No
200768,31,No
200769,66,No
200770,31,No
200771,56,No
200772,44,No
200773,18,No
200774,42,No
200775,40,No
200776,24,No
200777,59,No
200778,43,No
200779,63,No
200780,100,Yes
200781,57,Yes
200782,59,No
200783,61,No
200784,50,No
200785,75,Yes
200786,56,No
200787,94,Yes
200788,32,No
200789,21,No
200790,51,Yes
200791,36,Yes
200792,25,No
200793,59,Yes
200794,68,Yes
200795,72,Yes
200796,47,No
200797,50,No
200798,9,No
200799,31,No
200800,59,No
200801,77,No
200802,27,No
200803,60,No
200804,55,No
200805,65,Yes
200806,21,No
200807,37,No
200808,54,No
200809,28,No
200810,49,No
200811,26,No
200812,47,Yes
200813,69,Yes
200814,40,No
200815,38,No
200816,52,Yes
200817,51,No
200818,59,Yes
200819,34,No
200820,26,No
200821,62,Yes
200822,42,No
200823,46,No
200824,21,No
200825,47,No
200826,63,No
200827,50,Yes
200828,23,No
200829,41,No
200830,76,Yes
200831,38,No
200832,22,No
200833,16,No
200834,55,Yes
200835,30,No
200836,46,Yes
200837,17,No
200838,66,No
200839,52,No
200840,31,No
200841,50,No
200842,51,No
200843,16,No
200844,8,No
200845,51,No
200846,56,No
200847,67,No
200848,23,No
200849,53,Yes
200850,58,Yes
200851,21,No
200852,57,No
200853,45,No
200854,42,No
200855,40,No
200856,77,Yes
200857,30,No
200858,69,Yes
200859,43,No
200860,64,Yes
200861,49,No
200862,17,No
200863,100,Yes
200864,22,No
200865,55,No
200866,12,No
200867,39,No
200868,90,Yes
200869,55,Yes
200870,35,No
200871,17,No
200872,25,No
200873,34,No
200874,72,No
200875,11,No
200876,70,Yes
200877,63,No
200878,57,Yes
200879,58,No
200880,40,Yes
200881,96,Yes
200882,35,No
200883,61,Yes
200884,59,Yes
200885,51,Yes
200886,55,No
200887,69,No
200888,0,No
200889,40,No
200890,41,No
200891,15,No
200892,75,Yes
200893,63,No
200894,74,Yes
200895,56,No
200896,46,No
200897,59,Yes
200898,41,Yes
200899,3,No
200900,48,Yes
200901,70,Yes
200902,38,No
200903,14,No
200904,45,No
200905,46,No
200906,88,Yes
200907,61,Yes
200908,63,Yes
200909,64,No
200910,17,No
200911,46,No
200912,28,No
200913,37,No
200914,49,No
200915,56,No
200916,48,No
200917,18,No
200918,22,No
200919,62,Yes
200920,54,No
200921,15,No
200922,75,Yes
200923,52,No
200924,56,No
200925,14,No
200926,23,No
200927,22,No
200928,43,No
200929,70,Yes
200930,46,Yes
200931,21,No
200932,45,No
200933,63,No
200934,88,Yes
200935,72,Yes
200936,56,Yes
200937,50,No
200938,14,No
200939,43,No
200940,51,No
200941,29,No
200942,46,No
200943,55,Yes
200944,54,Yes
200945,19,No
200946,31,No
200947,35,No
200948,42,Yes
200949,24,No
200950,62,No
200951,41,No
200952,18,No
200953,52,Yes
200954,78,Yes
200955,26,No
200956,19,No
200957,43,No
200958,18,No
200959,15,No
200960,95,Yes
200961,58,No
200962,63,Yes
200963,68,Yes
200964,42,No
200965,22,No
200966,39,Yes
200967,34,No
200968,59,Yes
200969,94,Yes
200970,47,Yes
200971,81,Yes
200972,46,No
200973,28,No
200974,6,No
200975,25,No
200976,32,No
200977,0,No
200978,42,No
200979,71,Yes
200980,62,Yes
200981,97,Yes
200982,100,Yes
200983,12,No
200984,38,Yes
200985,56,Yes
200986,27,No
200987,52,Yes
200988,14,No
200989,45,No
200990,42,No
200991,56,No
200992,1,No
200993,32,No
200994,47,No
200995,48,Yes
200996,40,No
200997,58,Yes
200998,52,Yes
200999,36,No
201000,45,No
201001,48,Yes
201002,34,No
201003,16,No
201004,43,No
201005,30,No
201006,79,Yes
201007,22,No
201008,55,No
201009,29,No
201010,76,Yes
201011,51,No
201012,50,No
201013,62,Yes
201014,45,No
201015,69,No
201016,32,No
201017,20,No
201018,24,No
201019,43,No
201020,27,No
201021,27,No
201022,30,No
201023,28,No
201024,42,No
201025,23,No
201026,40,No
201027,35,Yes
201028,67,Yes
201029,78,Yes
201030,54,No
201031,26,No
201032,72,Yes
201033,80,Yes
201034,29,No
201035,32,No
201036,29,No
201037,51,Yes
201038,75,Yes
201039,37,No
201040,86,Yes
201041,51,No
201042,69,Yes
201043,57,No
201044,41,Yes
201045,27,No
201046,23,No
201047,76,Yes
201048,66,Yes
201049,26,No
201050,52,No
201051,45,No
201052,45,No
201053,96,Yes
201054,57,No
201055,24,No
201056,56,Yes
201057,32,No
201058,55,No
201059,75,Yes
201060,21,No
201061,59,Yes
201062,19,No
201063,41,No
201064,63,Yes
201065,60,No
201066,93,Yes
201067,37,No
201068,41,No
201069,28,No
201070,42,No
201071,28,No
201072,43,No
201073,62,Yes
201074,53,No
201075,57,Yes
201076,63,Yes
201077,13,No
201078,85,Yes
201079,49,Yes
201080,20,No
201081,62,Yes
201082,32,Yes
201083,72,Yes
201084,30,No
201085,73,Yes
201086,42,Yes
201087,46,No
201088,65,No
201089,83,Yes
201090,24,No
201091,65,Yes
201092,67,Yes
201093,61,Yes
201094,100,Yes
201095,19,No
201096,72,No
201097,51,Yes
201098,37,No
201099,20,No
201100,47,No
201101,61,No
201102,14,No
201103,46,No
201104,85,No
201105,17,No
201106,23,No
201107,52,Yes
201108,37,No
201109,85,Yes
201110,47,No
201111,31,No
201112,29,No
201113,54,No
201114,44,No
201115,45,No
201116,31,No
201117,46,No
201118,46,No
201119,77,Yes
201120,28,No
201121,26,No
201122,23,No
201123,53,No
201124,77,Yes
201125,70,Yes
201126,29,No
201127,56,Yes
201128,78,Yes
201129,46,No
201130,50,No
201131,55,No
201132,38,No
201133,24,No
201134,37,No
201135,46,No
201136,52,No
201137,70,Yes
201138,53,No
201139,46,No
201140,76,Yes
201141,67,Yes
201142,38,No
201143,82,Yes
201144,35,No
201145,28,No
201146,41,No
201147,31,No
201148,14,No
201149,72,Yes
201150,37,No
201151,37,No
201152,11,No
201153,36,No
201154,27,No
201155,45,No
201156,41,No
201157,44,No
201158,74,No
201159,60,No
201160,62,No
201161,54,No
201162,69,Yes
201163,79,Yes
201164,56,No
201165,39,No
201166,73,Yes
201167,30,No
201168,3,No
201169,52,Yes
201170,42,No
201171,33,No
201172,47,No
201173,53,No
201174,54,No
201175,41,No
201176,53,Yes
201177,62,Yes
201178,28,No
201179,76,Yes
201180,50,No
201181,65,Yes
201182,61,No
201183,24,No
201184,33,No
201185,59,No
201186,28,No
201187,4,No
201188,32,No
201189,0,No
201190,84,Yes
201191,36,Yes
201192,52,No
201193,29,No
201194,72,Yes
201195,17,No
201196,67,Yes
201197,48,No
201198,0,No
201199,31,No
201200,20,No
201201,46,No
201202,53,No
201203,40,No
201204,45,Yes
201205,45,Yes
201206,28,No
201207,1,No
201208,58,Yes
201209,78,Yes
201210,67,Yes
201211,30,No
201212,38,No
201213,18,No
201214,49,No
201215,47,No
201216,37,No
201217,49,No
201218,57,Yes
201219,26,No
201220,64,No
201221,33,No
201222,67,Yes
201223,42,No
201224,29,No
201225,43,No
201226,24,No
201227,28,No
201228,62,No
201229,87,Yes
201230,26,No
201231,72,No
201232,45,No
201233,42,No
201234,2,No
201235,31,No
201236,33,No
201237,56,No
201238,57,No
201239,19,No
201240,20,No
201241,7,No
201242,38,No
201243,4,No
201244,40,No
201245,55,Yes
201246,26,No
201247,20,No
201248,42,No
201249,47,No
201250,87,Yes
201251,41,Yes
201252,34,Yes
201253,25,No
201254,99,Yes
201255,24,No
201256,31,No
201257,34,No
201258,53,No
201259,47,No
201260,43,No
201261,58,Yes
201262,72,No
201263,37,No
201264,41,No
201265,53,Yes
201266,44,No
201267,55,Yes
201268,45,No
201269,50,Yes
201270,10,No
201271,44,No
201272,45,No
201273,43,No
201274,38,No
201275,55,No
201276,61,No
201277,83,Yes
201278,47,No
201279,26,No
201280,22,No
201281,82,Yes
201282,54,No
201283,81,Yes
201284,61,No
201285,50,Yes
201286,50,No
201287,42,No
201288,38,No
201289,63,Yes
201290,35,No
201291,49,No
201292,26,No
201293,71,Yes
201294,45,No
201295,76,Yes
201296,69,Yes
201297,19,No
201298,38,No
201299,45,Yes
201300,66,Yes
201301,32,No
201302,15,No
201303,74,Yes
201304,61,Yes
201305,56,Yes
201306,34,No
201307,13,No
201308,25,No
201309,28,No
201310,42,Yes
201311,91,No
201312,46,No
201313,61,Yes
201314,52,No
201315,47,Yes
201316,52,No
201317,63,Yes
201318,22,No
201319,42,No
201320,13,No
201321,32,No
201322,74,Yes
201323,58,No
201324,24,No
201325,46,No
201326,53,Yes
201327,24,No
201328,19,No
201329,50,No
201330,42,No
201331,65,Yes
201332,42,No
201333,56,No
201334,31,No
201335,49,No
201336,57,Yes
201337,16,No
201338,29,Yes
201339,38,No
201340,82,Yes
201341,50,Yes
201342,31,No
201343,66,Yes
201344,38,No
201345,64,Yes
201346,0,No
201347,5,No
201348,50,No
201349,32,No
201350,38,No
201351,63,Yes
201352,72,No
201353,42,No
201354,2,No
201355,27,No
201356,74,No
201357,44,Yes
201358,30,No
201359,74,Yes
201360,50,Yes
201361,63,No
201362,39,No
201363,34,No
201364,56,No
201365,47,No
201366,21,No
201367,43,No
201368,52,Yes
201369,54,No
201370,46,No
201371,68,Yes
201372,34,No
201373,13,No
201374,81,Yes
201375,21,No
201376,58,Yes
201377,65,Yes
201378,35,No
201379,33,No
201380,52,Yes
201381,60,No
201382,16,No
201383,55,Yes
201384,58,No
201385,47,Yes
201386,67,Yes
201387,35,No
201388,35,No
201389,67,No
201390,40,No
201391,78,Yes
201392,76,No
201393,29,No
201394,56,No
201395,43,No
201396,60,No
201397,41,No
201398,1,No
201399,95,Yes
201400,58,No
201401,83,Yes
201402,36,Yes
201403,36,No
201404,35,No
201405,43,Yes
201406,35,No
201407,30,No
201408,40,Yes
201409,15,No
201410,28,No
201411,18,No
201412,47,No
201413,40,No
201414,47,No
201415,5,No
201416,47,No
201417,48,No
201418,42,No
201419,48,Yes
201420,31,No
201421,73,Yes
201422,74,Yes
201423,34,No
201424,63,Yes
201425,55,Yes
201426,57,No
201427,65,Yes
201428,37,No
201429,68,Yes
201430,23,No
201431,49,No
201432,63,Yes
201433,19,No
201434,37,No
201435,53,Yes
201436,43,No
201437,100,Yes
201438,48,No
201439,34,No
201440,45,No
201441,28,No
201442,68,Yes
201443,29,No
201444,30,No
201445,46,No
201446,9,No
201447,44,Yes
201448,68,Yes
201449,39,No
201450,48,No
201451,37,No
201452,30,No
201453,48,No
201454,17,No
201455,47,No
201456,27,No
201457,43,Yes
201458,81,Yes
201459,63,Yes
201460,59,Yes
201461,72,No
201462,63,No
201463,75,Yes
201464,79,Yes
201465,78,Yes
201466,63,No
201467,15,No
201468,45,No
201469,56,No
201470,31,No
201471,41,Yes
201472,47,Yes
201473,65,No
201474,68,No
201475,35,No
201476,29,No
201477,40,No
201478,46,No
201479,40,No
201480,34,No
201481,41,No
201482,55,Yes
201483,56,No
201484,84,Yes
201485,29,No
201486,84,Yes
201487,45,No
201488,73,Yes
201489,45,No
201490,78,Yes
201491,39,Yes
201492,44,No
201493,73,Yes
201494,22,No
201495,67,Yes
201496,28,No
201497,59,No
201498,22,No
201499,5,No
201500,56,Yes
201501,70,Yes
201502,36,No
201503,28,No
201504,30,No
201505,42,No
201506,7,No
201507,54,No
201508,8,No
201509,63,Yes
201510,33,No
201511,41,No
201512,42,No
201513,70,No
201514,19,No
201515,54,No
201516,74,No
201517,38,No
201518,24,No
201519,3,No
201520,30,No
201521,61,No
201522,73,Yes
201523,53,No
201524,14,No
201525,43,No
201526,54,Yes
201527,48,No
201528,36,No
201529,61,No
201530,0,No
201531,71,No
201532,41,No
201533,51,No
201534,48,No
201535,49,No
201536,42,No
201537,62,Yes
201538,39,No
201539,30,No
201540,43,No
201541,53,Yes
201542,65,Yes
201543,53,No
201544,65,Yes
201545,53,No
201546,69,Yes
201547,55,Yes
201548,52,No
201549,62,No
201550,24,No
201551,30,No
201552,100,Yes
201553,58,No
201554,22,No
201555,36,No
201556,32,No
201557,45,No
201558,40,No
201559,25,No
201560,32,No
201561,18,No
201562,55,Yes
201563,48,No
201564,50,Yes
201565,38,No
201566,42,No
201567,37,No
201568,18,No
201569,9,No
201570,41,No
201571,72,Yes
201572,55,Yes
201573,64,No
201574,35,No
201575,80,Yes
201576,63,No
201577,66,Yes
201578,31,No
201579,38,No
201580,61,No
201581,54,Yes
201582,46,No
201583,30,No
201584,51,No
201585,88,Yes
201586,44,No
201587,36,No
201588,58,Yes
201589,38,No
201590,47,Yes
201591,37,Yes
201592,47,No
201593,15,No
201594,72,Yes
201595,24,No
201596,62,Yes
201597,22,No
201598,81,Yes
201599,79,Yes
201600,65,No
201601,48,Yes
201602,69,Yes
201603,45,No
201604,60,No
201605,48,No
201606,44,No
201607,73,Yes
201608,20,No
201609,28,No
201610,36,Yes
201611,81,No
201612,36,No
201613,40,No
201614,55,Yes
201615,47,No
201616,40,Yes
201617,39,No
201618,36,No
201619,7,No
201620,48,No
201621,56,No
201622,36,No
201623,52,No
201624,18,No
201625,67,Yes
201626,21,No
201627,39,No
201628,34,Yes
201629,35,No
201630,24,No
201631,16,No
201632,30,No
201633,41,No
201634,17,No
201635,62,Yes
201636,44,Yes
201637,58,No
201638,19,No
201639,48,Yes
201640,69,Yes
201641,56,Yes
201642,22,No
201643,1,No
201644,62,Yes
201645,17,No
201646,26,No
201647,36,No
201648,33,No
201649,8,No
201650,77,Yes
201651,31,No
201652,54,Yes
201653,26,No
201654,49,No
201655,18,No
201656,38,No
201657,26,No
201658,15,No
201659,18,No
201660,38,No
201661,36,No
201662,48,Yes
201663,59,Yes
201664,18,No
201665,71,Yes
201666,42,No
201667,45,No
201668,56,Yes
201669,20,No
201670,56,No
201671,65,Yes
201672,22,No
201673,37,Yes
201674,25,No
201675,68,Yes
201676,66,No
201677,67,No
201678,38,No
201679,31,No
201680,19,No
201681,36,No
201682,59,No
201683,55,Yes
201684,28,No
201685,54,No
201686,46,No
201687,43,No
201688,46,No
201689,36,No
201690,49,Yes
201691,58,Yes
201692,58,No
201693,50,Yes
201694,23,No
201695,59,Yes
201696,66,Yes
201697,45,Yes
201698,9,No
201699,46,No
201700,41,No
201701,51,Yes
201702,43,No
201703,24,No
201704,56,No
201705,35,No
201706,17,No
201707,24,No
201708,51,No
201709,44,No
201710,85,Yes
201711,41,No
201712,63,No
201713,98,Yes
201714,45,No
201715,32,No
201716,72,Yes
201717,83,No
201718,41,No
201719,41,No
201720,41,No
201721,45,No
201722,63,No
201723,37,No
201724,38,No
201725,46,Yes
201726,60,No
201727,15,No
201728,45,Yes
201729,71,Yes
201730,67,No
201731,15,No
201732,26,No
201733,49,No
201734,37,No
201735,0,No
201736,27,No
201737,51,No
201738,93,Yes
201739,38,No
201740,51,Yes
201741,30,No
201742,19,No
201743,61,Yes
201744,53,No
201745,22,No
201746,13,No
201747,56,No
201748,71,Yes
201749,62,No
201750,65,No
201751,71,Yes
201752,44,No
201753,61,No
201754,87,Yes
201755,40,No
201756,41,No
201757,59,No
201758,37,No
201759,61,Yes
201760,80,Yes
201761,70,Yes
201762,55,No
201763,62,Yes
201764,22,No
201765,44,No
201766,3,No
201767,28,No
201768,59,Yes
201769,79,Yes
201770,60,No
201771,43,No
201772,60,No
201773,19,No
201774,37,No
201775,44,No
201776,65,No
201777,43,No
201778,64,No
201779,48,Yes
201780,38,No
201781,1,No
201782,66,Yes
201783,33,No
201784,18,No
201785,69,Yes
201786,44,No
201787,44,No
201788,53,No
201789,39,No
201790,62,Yes
201791,20,No
201792,69,No
201793,51,No
201794,33,No
201795,38,No
201796,46,No
201797,55,Yes
201798,50,No
201799,16,No
201800,54,No
201801,7,No
201802,46,No
201803,16,No
201804,63,No
201805,58,No
201806,31,No
201807,47,No
201808,43,No
201809,41,No
201810,23,No
201811,35,No
201812,49,No
201813,52,Yes
201814,22,No
201815,74,Yes
201816,34,No
201817,63,Yes
201818,50,Yes
201819,34,No
201820,24,No
201821,61,Yes
201822,79,Yes
201823,78,Yes
201824,15,No
201825,32,No
201826,30,No
201827,19,No
201828,54,No
201829,68,No
201830,84,Yes
201831,62,No
201832,45,No
201833,55,Yes
201834,39,No
201835,35,No
201836,54,No
201837,34,No
201838,55,No
201839,3,No
201840,73,Yes
201841,33,Yes
201842,26,No
201843,54,No
201844,47,Yes
201845,48,Yes
201846,55,Yes
201847,57,No
201848,66,Yes
201849,19,No
201850,49,Yes
201851,35,No
201852,59,Yes
201853,40,No
201854,65,Yes
201855,61,No
201856,71,Yes
201857,74,No
201858,51,No
201859,26,No
201860,17,No
201861,31,No
201862,29,No
201863,46,Yes
201864,60,No
201865,42,No
201866,63,No
201867,37,No
201868,72,Yes
201869,58,No
201870,52,No
201871,60,Yes
201872,63,Yes
201873,48,No
201874,83,Yes
201875,44,No
201876,24,No
201877,78,Yes
201878,58,No
201879,86,Yes
201880,49,No
201881,43,Yes
201882,49,Yes
201883,55,Yes
201884,88,Yes
201885,44,Yes
201886,30,No
201887,20,No
201888,74,Yes
201889,33,No
201890,68,Yes
201891,100,Yes
201892,44,No
201893,33,No
201894,9,No
201895,35,No
201896,57,No
201897,59,Yes
201898,31,No
201899,10,No
201900,41,No
201901,45,No
201902,53,No
201903,75,Yes
201904,48,No
201905,27,Yes
201906,27,No
201907,27,No
201908,15,No
201909,8,No
201910,62,Yes
201911,45,No
201912,47,No
201913,56,No
201914,42,No
201915,3,No
201916,59,Yes
201917,22,No
201918,54,No
201919,73,No
201920,46,No
201921,80,Yes
201922,55,No
201923,39,Yes
201924,23,No
201925,73,Yes
201926,58,No
201927,37,No
201928,48,No
201929,42,No
201930,23,No
201931,48,No
201932,58,No
201933,34,No
201934,42,No
201935,41,No
201936,13,No
201937,61,No
201938,34,No
201939,69,Yes
201940,54,Yes
201941,52,No
201942,9,No
201943,6,No
201944,32,No
201945,88,Yes
201946,50,No
201947,66,No
201948,71,No
201949,63,No
201950,17,No
201951,84,Yes
201952,44,No
201953,67,No
201954,80,Yes
201955,100,Yes
201956,24,No
201957,58,Yes
201958,24,No
201959,71,Yes
201960,26,No
201961,31,No
201962,31,No
201963,64,Yes
201964,4,No
201965,52,No
201966,32,No
201967,41,No
201968,11,No
201969,26,No
201970,62,No
201971,47,Yes
201972,62,No
201973,0,No
201974,18,No
201975,52,No
201976,50,Yes
201977,53,No
201978,37,No
201979,29,No
201980,45,No
201981,3,No
201982,36,No
201983,40,No
201984,0,No
201985,54,No
201986,50,Yes
201987,52,No
201988,44,No
201989,44,No
201990,38,No
201991,66,Yes
201992,62,Yes
201993,14,No
201994,87,Yes
201995,49,No
201996,74,Yes
201997,47,Yes
201998,50,No
201999,10,No
202000,63,No
202001,59,Yes
202002,50,No
202003,24,No
202004,39,No
202005,61,Yes
202006,41,No
202007,17,No
202008,36,Yes
202009,57,Yes
202010,47,Yes
202011,3,No
202012,83,Yes
202013,38,No
202014,57,No
202015,19,No
202016,35,No
202017,42,No
202018,65,Yes
202019,67,Yes
202020,48,Yes
202021,47,No
202022,56,No
202023,37,Yes
202024,19,No
202025,48,No
202026,31,No
202027,42,No
202028,49,Yes
202029,36,No
202030,56,No
202031,38,No
202032,21,No
202033,98,Yes
202034,73,Yes
202035,27,No
202036,39,Yes
202037,55,No
202038,47,Yes
202039,55,Yes
202040,21,No
202041,11,No
202042,53,No
202043,71,Yes
202044,90,Yes
202045,31,No
202046,54,No
202047,28,Yes
202048,37,No
202049,43,No
202050,7,No
202051,29,No
202052,59,No
202053,23,No
202054,47,No
202055,45,No
202056,64,Yes
202057,54,No
202058,62,Yes
202059,4,No
202060,16,No
202061,11,No
202062,76,No
202063,62,No
202064,2,No
202065,36,No
202066,32,No
202067,64,Yes
202068,46,No
202069,30,No
202070,43,No
202071,39,No
202072,36,No
202073,66,No
202074,47,No
202075,60,No
202076,38,No
202077,32,No
202078,48,No
202079,46,No
202080,27,No
202081,64,No
202082,54,Yes
202083,17,No
202084,45,No
202085,38,No
202086,42,No
202087,53,No
202088,36,No
202089,15,No
202090,46,No
202091,46,No
202092,14,No
202093,47,No
202094,34,No
202095,0,No
202096,14,No
202097,0,No
202098,55,Yes
202099,54,No
202100,52,No
202101,16,No
202102,25,No
202103,48,No
202104,43,No
202105,28,No
202106,35,No
202107,29,No
202108,60,Yes
202109,79,Yes
202110,53,No
202111,52,No
202112,27,No
202113,23,No
202114,40,No
202115,91,Yes
202116,55,No
202117,31,No
202118,39,No
202119,25,No
202120,20,No
202121,37,No
202122,55,No
202123,36,No
202124,22,No
202125,45,Yes
202126,55,Yes
202127,19,No
202128,64,Yes
202129,52,Yes
202130,26,No
202131,43,No
202132,40,No
202133,65,Yes
202134,60,No
202135,28,No
202136,57,No
202137,31,No
202138,94,Yes
202139,32,No
202140,2,No
202141,0,No
202142,34,Yes
202143,52,No
202144,38,No
202145,51,Yes
202146,54,Yes
202147,36,No
202148,58,Yes
202149,61,Yes
202150,58,No
202151,70,Yes
202152,1,No
202153,77,Yes
202154,18,Yes
202155,55,No
202156,59,Yes
202157,12,No
202158,46,No
202159,32,No
202160,29,No
202161,53,No
202162,45,Yes
202163,50,Yes
202164,97,Yes
202165,36,No
202166,42,Yes
202167,31,No
202168,70,Yes
202169,69,Yes
202170,33,No
202171,50,No
202172,34,No
202173,49,Yes
202174,28,No
202175,62,Yes
202176,18,No
202177,24,No
202178,61,No
202179,42,No
202180,36,No
202181,39,No
202182,49,Yes
202183,54,No
202184,41,Yes
202185,35,No
202186,57,Yes
202187,25,No
202188,23,No
202189,49,No
202190,48,No
202191,46,No
202192,25,No
202193,22,No
202194,39,No
202195,76,No
202196,29,No
202197,25,Yes
202198,17,No
202199,37,No
202200,72,No
202201,60,No
202202,20,No
202203,18,No
202204,58,Yes
202205,24,No
202206,95,Yes
202207,82,Yes
202208,100,Yes
202209,89,Yes
202210,44,No
202211,56,Yes
202212,23,No
202213,42,No
202214,54,No
202215,74,No
202216,39,No
202217,18,No
202218,60,No
202219,50,Yes
202220,50,Yes
202221,37,No
202222,42,No
202223,38,No
202224,38,No
202225,81,No
202226,32,No
202227,31,No
202228,79,Yes
202229,85,Yes
202230,74,Yes
202231,79,No
202232,0,No
202233,36,No
202234,46,No
202235,35,No
202236,67,Yes
202237,39,No
202238,23,No
202239,18,No
202240,83,Yes
202241,18,No
202242,38,No
202243,41,No
202244,48,Yes
202245,61,No
202246,48,No
202247,33,No
202248,13,No
202249,72,Yes
202250,18,No
202251,61,Yes
202252,38,Yes
202253,53,Yes
202254,26,No
202255,58,Yes
202256,63,Yes
202257,27,No
202258,42,Yes
202259,47,No
202260,72,Yes
202261,76,Yes
202262,0,No
202263,26,No
202264,49,Yes
202265,37,No
202266,33,No
202267,60,No
202268,29,No
202269,43,No
202270,31,No
202271,44,Yes
202272,25,No
202273,62,Yes
202274,57,Yes
202275,72,Yes
202276,70,No
202277,58,Yes
202278,0,No
202279,42,Yes
202280,74,Yes
202281,39,No
202282,38,No
202283,48,No
202284,35,No
202285,53,No
202286,19,No
202287,16,No
202288,61,No
202289,32,No
202290,58,Yes
202291,25,No
202292,25,No
202293,20,No
202294,63,No
202295,59,Yes
202296,35,No
202297,52,Yes
202298,30,No
202299,31,No
202300,74,Yes
202301,27,No
202302,62,No
202303,29,No
202304,96,Yes
202305,20,No
202306,16,No
202307,31,Yes
202308,63,Yes
202309,34,No
202310,32,No
202311,39,No
202312,85,Yes
202313,59,No
202314,42,No
202315,48,Yes
202316,54,No
202317,52,No
202318,30,No
202319,37,No
202320,59,Yes
202321,35,No
202322,14,No
202323,59,Yes
202324,27,No
202325,82,No
202326,21,No
202327,59,No
202328,61,No
202329,100,Yes
202330,29,No
202331,34,No
202332,38,No
202333,30,No
202334,1,No
202335,75,Yes
202336,20,No
202337,87,Yes
202338,42,No
202339,52,No
202340,9,No
202341,38,No
202342,31,No
202343,45,No
202344,33,No
202345,71,Yes
202346,33,Yes
202347,89,Yes
202348,38,No
202349,57,Yes
202350,57,No
202351,64,Yes
202352,59,Yes
202353,18,No
202354,41,No
202355,58,No
202356,20,No
202357,90,Yes
202358,32,No
202359,75,Yes
202360,28,No
202361,61,Yes
202362,23,No
202363,94,Yes
202364,95,Yes
202365,59,No
202366,46,No
202367,77,Yes
202368,26,No
202369,63,No
202370,60,No
202371,79,Yes
202372,39,Yes
202373,42,Yes
202374,35,No
202375,25,No
202376,72,Yes
202377,47,No
202378,33,No
202379,25,No
202380,27,No
202381,26,No
202382,53,Yes
202383,51,No
202384,33,No
202385,64,Yes
202386,40,No
202387,14,No
202388,41,No
202389,35,No
202390,53,Yes
202391,25,No
202392,43,No
202393,17,No
202394,40,No
202395,64,No
202396,60,Yes
202397,35,No
202398,5,No
202399,40,No
202400,69,No
202401,49,Yes
202402,43,Yes
202403,63,No
202404,32,No
202405,37,No
202406,50,No
202407,55,No
202408,29,No
202409,68,No
202410,19,No
202411,47,No
202412,77,Yes
202413,42,No
202414,46,No
202415,40,No
202416,63,No
202417,72,Yes
202418,70,Yes
202419,40,No
202420,55,No
202421,47,No
202422,45,No
202423,9,No
202424,50,Yes
202425,67,No
202426,32,No
202427,70,Yes
202428,61,Yes
202429,68,No
202430,66,Yes
202431,11,No
202432,37,Yes
202433,59,Yes
202434,44,No
202435,61,No
202436,18,No
202437,8,No
202438,67,Yes
202439,0,No
202440,42,No
202441,40,No
202442,38,No
202443,29,No
202444,47,No
202445,45,Yes
202446,34,No
202447,82,Yes
202448,34,No
202449,60,No
202450,39,No
202451,36,Yes
202452,26,No
202453,43,No
202454,26,No
202455,26,No
202456,28,No
202457,19,No
202458,33,No
202459,72,Yes
202460,50,No
202461,31,No
202462,49,No
202463,37,No
202464,37,No
202465,52,Yes
202466,73,Yes
202467,49,No
202468,60,Yes
202469,36,No
202470,26,No
202471,61,No
202472,35,No
202473,83,Yes
202474,39,No
202475,36,No
202476,17,No
202477,48,No
202478,60,No
202479,32,No
202480,55,Yes
202481,37,No
202482,83,Yes
202483,84,Yes
202484,63,No
202485,11,No
202486,84,Yes
202487,45,No
202488,36,No
202489,23,No
202490,20,No
202491,59,Yes
202492,59,No
202493,70,Yes
202494,52,No
202495,43,No
202496,55,Yes
202497,20,No
202498,69,No
202499,40,No
202500,62,No
202501,59,Yes
202502,63,Yes
202503,65,Yes
202504,18,No
202505,47,No
202506,71,Yes
202507,22,No
202508,24,No
202509,55,No
202510,32,No
202511,40,No
202512,25,Yes
202513,46,No
202514,79,Yes
202515,13,No
202516,11,No
202517,12,No
202518,14,No
202519,30,No
202520,67,No
202521,36,No
202522,36,No
202523,50,Yes
202524,100,Yes
202525,34,No
202526,26,No
202527,61,Yes
202528,70,Yes
202529,25,No
202530,61,Yes
202531,44,No
202532,49,Yes
202533,63,Yes
202534,19,No
202535,53,No
202536,62,No
202537,8,No
202538,68,Yes
202539,20,No
202540,39,No
202541,30,No
202542,35,No
202543,33,No
202544,40,No
202545,32,No
202546,24,No
202547,28,No
202548,25,No
202549,0,No
202550,32,No
202551,41,No
202552,38,No
202553,40,No
202554,20,No
202555,72,Yes
202556,16,No
202557,59,Yes
202558,63,Yes
202559,54,No
202560,82,Yes
202561,51,No
202562,62,No
202563,98,Yes
202564,88,Yes
202565,63,Yes
202566,65,No
202567,47,No
202568,82,Yes
202569,17,No
202570,56,Yes
202571,34,No
202572,46,No
202573,55,No
202574,20,No
202575,43,No
202576,52,No
202577,67,No
202578,34,No
202579,44,No
202580,41,No
202581,29,No
202582,58,Yes
202583,57,Yes
202584,50,No
202585,36,No
202586,49,Yes
202587,24,No
202588,29,Yes
202589,78,Yes
202590,43,Yes
202591,49,No
202592,22,No
202593,29,No
202594,31,No
202595,46,No
202596,48,No
202597,35,No
202598,46,No
202599,35,No
202600,83,Yes
202601,40,No
202602,42,No
202603,50,No
202604,31,No
202605,20,No
202606,15,No
202607,79,Yes
202608,2,No
202609,78,Yes
202610,3,No
202611,54,Yes
202612,30,No
202613,68,Yes
202614,44,No
202615,54,Yes
202616,49,No
202617,43,No
202618,44,No
202619,64,Yes
202620,78,Yes
202621,71,No
202622,72,Yes
202623,27,No
202624,23,No
202625,84,No
202626,35,No
202627,26,No
202628,55,No
202629,52,No
202630,52,Yes
202631,54,No
202632,61,Yes
202633,58,No
202634,50,Yes
202635,35,Yes
202636,69,Yes
202637,44,No
202638,41,No
202639,46,No
202640,45,No
202641,68,Yes
202642,67,Yes
202643,55,No
202644,52,No
202645,46,No
202646,44,Yes
202647,39,No
202648,20,No
202649,35,Yes
202650,39,No
202651,21,No
202652,34,No
202653,49,No
202654,48,Yes
202655,83,Yes
202656,12,No
202657,40,No
202658,35,No
202659,58,Yes
202660,49,No
202661,67,No
202662,42,No
202663,18,No
202664,60,No
202665,23,No
202666,42,No
202667,80,Yes
202668,23,No
202669,51,No
202670,30,No
202671,34,No
202672,7,No
202673,32,No
202674,73,No
202675,40,No
202676,51,Yes
202677,73,No
202678,53,Yes
202679,52,Yes
202680,27,No
202681,45,No
202682,30,Yes
202683,39,No
202684,65,No
202685,49,No
202686,15,No
202687,94,Yes
202688,47,No
202689,75,Yes
202690,75,No
202691,21,No
202692,68,No
202693,97,Yes
202694,2,No
202695,64,Yes
202696,70,Yes
202697,88,Yes
202698,43,No
202699,58,Yes
202700,37,No
202701,19,No
202702,32,No
202703,72,Yes
202704,28,No
202705,70,No
202706,36,No
202707,72,No
202708,61,Yes
202709,33,No
202710,81,Yes
202711,45,No
202712,61,No
202713,36,No
202714,30,No
202715,40,No
202716,54,Yes
202717,76,No
202718,33,No
202719,62,Yes
202720,30,No
202721,59,Yes
202722,13,No
202723,62,Yes
202724,64,Yes
202725,7,No
202726,54,Yes
202727,52,Yes
202728,13,No
202729,85,Yes
202730,72,Yes
202731,56,Yes
202732,87,Yes
202733,59,No
202734,42,No
202735,65,Yes
202736,79,Yes
202737,55,No
202738,22,No
202739,31,No
202740,60,Yes
202741,38,No
202742,80,Yes
202743,52,Yes
202744,64,No
202745,29,No
202746,44,No
202747,65,No
202748,53,Yes
202749,44,No
202750,24,No
202751,32,No
202752,23,No
202753,37,No
202754,17,No
202755,34,No
202756,61,Yes
202757,65,Yes
202758,22,No
202759,40,Yes
202760,43,No
202761,30,No
202762,32,No
202763,71,Yes
202764,57,No
202765,51,No
202766,61,No
202767,22,No
202768,30,No
202769,83,Yes
202770,24,No
202771,51,No
202772,33,No
202773,27,No
202774,69,Yes
202775,61,Yes
202776,53,Yes
202777,38,No
202778,13,No
202779,63,Yes
202780,69,Yes
202781,13,No
202782,100,Yes
202783,80,Yes
202784,32,No
202785,43,No
202786,41,No
202787,59,Yes
202788,53,No
202789,35,No
202790,53,No
202791,45,Yes
202792,59,No
202793,60,Yes
202794,42,No
202795,20,No
202796,63,No
202797,65,Yes
202798,45,No
202799,25,No
202800,30,No
202801,40,No
202802,0,No
202803,24,No
202804,49,Yes
202805,50,Yes
202806,47,Yes
202807,49,No
202808,45,No
202809,69,Yes
202810,45,Yes
202811,64,No
202812,47,No
202813,15,No
202814,33,No
202815,85,Yes
202816,57,Yes
202817,49,No
202818,23,No
202819,58,Yes
202820,46,No
202821,50,No
202822,47,No
202823,61,Yes
202824,27,No
202825,32,No
202826,52,Yes
202827,9,No
202828,62,No
202829,70,Yes
202830,33,No
202831,52,No
202832,21,No
202833,33,No
202834,7,No
202835,66,Yes
202836,57,No
202837,23,No
202838,42,No
202839,9,No
202840,23,No
202841,69,No
202842,68,Yes
202843,41,No
202844,66,Yes
202845,72,Yes
202846,37,No
202847,52,No
202848,28,No
202849,30,No
202850,34,Yes
202851,47,Yes
202852,20,No
202853,53,No
202854,24,No
202855,22,No
202856,59,No
202857,37,No
202858,33,No
202859,55,No
202860,21,No
202861,36,No
202862,40,No
202863,43,No
202864,17,No
202865,24,No
202866,62,No
202867,55,Yes
202868,58,Yes
202869,40,No
202870,56,Yes
202871,52,No
202872,72,No
202873,36,No
202874,64,Yes
202875,0,No
202876,72,No
202877,61,Yes
202878,64,Yes
202879,32,No
202880,68,Yes
202881,54,Yes
202882,16,No
202883,64,Yes
202884,59,Yes
202885,34,No
202886,58,Yes
202887,70,No
202888,46,No
202889,48,No
202890,71,Yes
202891,86,No
202892,84,Yes
202893,51,Yes
202894,58,No
202895,77,Yes
202896,71,No
202897,53,Yes
202898,44,No
202899,53,No
202900,61,No
202901,26,No
202902,66,Yes
202903,44,Yes
202904,28,No
202905,58,No
202906,50,Yes
202907,67,No
202908,53,Yes
202909,40,No
202910,43,No
202911,8,No
202912,41,No
202913,19,No
202914,53,No
202915,34,No
202916,71,Yes
202917,26,No
202918,41,No
202919,39,No
202920,69,No
202921,49,Yes
202922,44,Yes
202923,54,Yes
202924,15,No
202925,18,No
202926,47,No
202927,54,Yes
202928,74,Yes
202929,30,No
202930,57,No
202931,35,No
202932,25,No
202933,48,No
202934,31,No
202935,59,Yes
202936,58,Yes
202937,43,Yes
202938,50,Yes
202939,81,Yes
202940,22,No
202941,57,No
202942,78,Yes
202943,71,Yes
202944,50,No
202945,45,No
202946,45,No
202947,88,Yes
202948,14,No
202949,18,No
202950,39,No
202951,75,Yes
202952,28,No
202953,33,No
202954,31,Yes
202955,29,No
202956,0,No
202957,36,No
202958,46,No
202959,47,No
202960,35,No
202961,53,No
202962,41,No
202963,44,No
202964,13,No
202965,48,No
202966,19,No
202967,33,No
202968,82,Yes
202969,11,No
202970,56,Yes
202971,27,Yes
202972,8,No
202973,26,No
202974,77,Yes
202975,39,No
202976,68,No
202977,51,No
202978,52,No
202979,51,Yes
202980,33,No
202981,50,No
202982,34,No
202983,24,No
202984,47,Yes
202985,25,No
202986,32,No
202987,48,No
202988,76,Yes
202989,49,Yes
202990,44,Yes
202991,60,Yes
202992,46,No
202993,72,Yes
202994,36,No
202995,54,No
202996,32,No
202997,50,Yes
202998,34,No
202999,44,No
203000,66,No
203001,25,No
203002,80,Yes
203003,71,Yes
203004,36,No
203005,23,No
203006,37,No
203007,41,No
203008,82,Yes
203009,58,Yes
203010,72,No
203011,50,No
203012,39,No
203013,60,Yes
203014,14,No
203015,51,No
203016,54,Yes
203017,26,No
203018,53,Yes
203019,8,No
203020,30,No
203021,40,No
203022,48,Yes
203023,53,No
203024,75,Yes
203025,58,No
203026,58,Yes
203027,27,No
203028,43,No
203029,46,No
203030,22,No
203031,55,Yes
203032,56,No
203033,74,Yes
203034,32,No
203035,48,No
203036,65,Yes
203037,40,No
203038,41,Yes
203039,32,Yes
203040,82,Yes
203041,40,No
203042,74,Yes
203043,29,No
203044,37,No
203045,63,No
203046,42,No
203047,74,Yes
203048,22,No
203049,55,No
203050,47,No
203051,23,No
203052,26,No
203053,63,No
203054,33,No
203055,46,Yes
203056,42,No
203057,39,No
203058,30,No
203059,23,No
203060,34,No
203061,37,No
203062,27,No
203063,40,No
203064,63,Yes
203065,24,No
203066,21,No
203067,22,No
203068,36,No
203069,30,No
203070,13,No
203071,27,No
203072,63,Yes
203073,83,Yes
203074,63,Yes
203075,75,Yes
203076,87,Yes
203077,79,Yes
203078,13,No
203079,45,Yes
203080,29,Yes
203081,7,No
203082,71,Yes
203083,52,Yes
203084,58,Yes
203085,64,Yes
203086,48,No
203087,37,No
203088,71,Yes
203089,52,No
203090,26,No
203091,58,No
203092,44,Yes
203093,33,No
203094,55,No
203095,54,Yes
203096,75,Yes
203097,55,No
203098,71,No
203099,45,No
203100,88,Yes
203101,20,No
203102,69,No
203103,67,No
203104,31,No
203105,59,Yes
203106,29,No
203107,81,Yes
203108,2,No
203109,48,Yes
203110,26,No
203111,41,No
203112,38,Yes
203113,37,No
203114,29,No
203115,40,Yes
203116,15,No
203117,78,Yes
203118,31,Yes
203119,56,Yes
203120,1,No
203121,22,No
203122,60,Yes
203123,39,No
203124,30,No
203125,29,No
203126,64,No
203127,65,Yes
203128,77,Yes
203129,10,No
203130,18,No
203131,72,Yes
203132,62,Yes
203133,49,No
203134,77,Yes
203135,67,Yes
203136,81,Yes
203137,46,No
203138,61,No
203139,47,No
203140,76,Yes
203141,41,No
203142,70,No
203143,23,No
203144,40,No
203145,55,No
203146,41,No
203147,49,No
203148,40,Yes
203149,43,Yes
203150,53,No
203151,40,No
203152,53,Yes
203153,27,No
203154,30,No
203155,14,No
203156,47,Yes
203157,63,Yes
203158,58,No
203159,31,No
203160,38,No
203161,61,Yes
203162,79,Yes
203163,86,Yes
203164,24,No
203165,54,No
203166,76,Yes
203167,18,No
203168,43,No
203169,33,No
203170,88,Yes
203171,89,Yes
203172,55,No
203173,12,Yes
203174,31,No
203175,37,No
203176,57,No
203177,74,Yes
203178,54,No
203179,42,No
203180,43,No
203181,46,No
203182,100,Yes
203183,98,Yes
203184,28,No
203185,82,Yes
203186,29,No
203187,34,Yes
203188,52,No
203189,50,Yes
203190,19,No
203191,11,No
203192,35,No
203193,58,No
203194,12,No
203195,12,No
203196,64,No
203197,41,No
203198,39,No
203199,58,Yes
203200,13,No
203201,82,Yes
203202,57,Yes
203203,45,No
203204,40,No
203205,67,No
203206,21,No
203207,45,No
203208,30,No
203209,60,No
203210,49,No
203211,50,No
203212,63,Yes
203213,100,Yes
203214,85,Yes
203215,54,Yes
203216,45,No
203217,72,Yes
203218,31,No
203219,88,Yes
203220,64,Yes
203221,31,No
203222,18,No
203223,42,Yes
203224,70,Yes
203225,27,No
203226,85,Yes
203227,54,No
203228,22,No
203229,63,Yes
203230,21,No
203231,57,No
203232,16,No
203233,26,No
203234,59,No
203235,88,Yes
203236,39,No
203237,46,No
203238,46,No
203239,21,No
203240,75,Yes
203241,29,No
203242,52,Yes
203243,25,No
203244,56,No
203245,0,No
203246,69,No
203247,69,Yes
203248,48,No
203249,53,No
203250,56,No
203251,47,No
203252,22,No
203253,41,No
203254,56,No
203255,13,No
203256,52,No
203257,59,Yes
203258,75,Yes
203259,50,No
203260,57,No
203261,37,No
203262,22,No
203263,32,No
203264,38,No
203265,32,No
203266,43,No
203267,23,No
203268,19,No
203269,71,Yes
203270,29,No
203271,53,No
203272,39,Yes
203273,62,No
203274,43,No
203275,38,No
203276,47,No
203277,64,Yes
203278,62,Yes
203279,38,No
203280,53,No
203281,42,No
203282,53,No
203283,44,No
203284,67,No
203285,38,No
203286,94,Yes
203287,60,Yes
203288,40,No
203289,3,No
203290,96,Yes
203291,43,No
203292,91,Yes
203293,65,Yes
203294,30,No
203295,40,No
203296,27,No
203297,49,No
203298,51,No
203299,40,Yes
203300,78,Yes
203301,66,Yes
203302,57,Yes
203303,43,Yes
203304,62,Yes
203305,18,No
203306,68,Yes
203307,14,No
203308,60,No
203309,38,No
203310,48,No
203311,50,No
203312,18,No
203313,57,Yes
203314,50,No
203315,37,No
203316,21,No
203317,55,No
203318,10,No
203319,33,No
203320,0,No
203321,39,No
203322,57,No
203323,24,No
203324,59,No
203325,56,Yes
203326,41,No
203327,24,No
203328,48,No
203329,54,Yes
203330,46,No
203331,0,No
203332,37,No
203333,75,Yes
203334,70,Yes
203335,29,No
203336,51,Yes
203337,57,Yes
203338,31,No
203339,43,No
203340,90,Yes
203341,48,No
203342,49,No
203343,28,No
203344,47,No
203345,53,No
203346,44,No
203347,76,Yes
203348,32,No
203349,0,No
203350,49,Yes
203351,52,No
203352,37,No
203353,62,Yes
203354,40,No
203355,60,Yes
203356,41,No
203357,36,No
203358,51,No
203359,36,No
203360,55,No
203361,30,No
203362,15,No
203363,36,No
203364,53,No
203365,70,Yes
203366,81,Yes
203367,43,No
203368,35,No
203369,45,No
203370,11,No
203371,29,No
203372,42,No
203373,83,Yes
203374,46,No
203375,41,No
203376,79,Yes
203377,28,No
203378,41,No
203379,34,No
203380,30,No
203381,90,Yes
203382,27,No
203383,63,Yes
203384,61,No
203385,48,No
203386,46,Yes
203387,15,No
203388,48,Yes
203389,68,Yes
203390,35,Yes
203391,37,No
203392,53,No
203393,29,No
203394,48,No
203395,57,Yes
203396,24,No
203397,43,No
203398,100,Yes
203399,62,Yes
203400,28,No
203401,90,Yes
203402,76,Yes
203403,61,No
203404,36,No
203405,94,Yes
203406,24,No
203407,72,No
203408,63,Yes
203409,44,No
203410,60,Yes
203411,17,No
203412,40,No
203413,73,Yes
203414,38,No
203415,21,No
203416,76,Yes
203417,47,No
203418,66,Yes
203419,36,Yes
203420,43,No
203421,12,No
203422,56,No
203423,57,No
203424,72,Yes
203425,55,Yes
203426,66,Yes
203427,50,No
203428,53,Yes
203429,55,No
203430,73,Yes
203431,61,No
203432,56,Yes
203433,50,No
203434,33,No
203435,37,No
203436,30,No
203437,40,No
203438,20,No
203439,24,No
203440,16,No
203441,58,No
203442,28,No
203443,13,No
203444,52,Yes
203445,83,Yes
203446,68,No
203447,5,No
203448,66,Yes
203449,36,No
203450,35,Yes
203451,38,No
203452,61,Yes
203453,52,Yes
203454,36,No
203455,93,Yes
203456,57,Yes
203457,18,No
203458,49,No
203459,38,Yes
203460,61,Yes
203461,69,Yes
203462,58,No
203463,11,No
203464,48,No
203465,19,No
203466,23,No
203467,39,No
203468,29,No
203469,65,Yes
203470,48,No
203471,36,No
203472,42,No
203473,44,No
203474,60,Yes
203475,48,Yes
203476,100,Yes
203477,38,No
203478,21,No
203479,58,Yes
203480,17,No
203481,30,No
203482,19,No
203483,52,Yes
203484,12,No
203485,22,No
203486,40,No
203487,41,No
203488,30,No
203489,45,No
203490,22,No
203491,49,Yes
203492,23,No
203493,39,No
203494,53,No
203495,28,No
203496,85,Yes
203497,54,No
203498,76,Yes
203499,31,No
203500,50,Yes
203501,69,Yes
203502,47,No
203503,27,No
203504,23,No
203505,59,No
203506,55,No
203507,47,No
203508,17,No
203509,19,No
203510,47,No
203511,55,No
203512,71,Yes
203513,58,No
203514,14,No
203515,67,Yes
203516,41,No
203517,30,No
203518,8,No
203519,60,No
203520,54,Yes
203521,53,Yes
203522,19,No
203523,57,No
203524,51,Yes
203525,58,Yes
203526,57,Yes
203527,46,No
203528,57,Yes
203529,45,Yes
203530,49,No
203531,39,No
203532,22,No
203533,73,Yes
203534,44,No
203535,39,No
203536,92,Yes
203537,34,No
203538,25,No
203539,40,No
203540,54,Yes
203541,51,Yes
203542,8,No
203543,21,No
203544,18,Yes
203545,31,No
203546,12,No
203547,29,No
203548,25,No
203549,29,No
203550,42,No
203551,34,Yes
203552,26,No
203553,95,Yes
203554,31,No
203555,34,No
203556,27,No
203557,62,No
203558,32,No
203559,37,No
203560,49,No
203561,52,Yes
203562,72,Yes
203563,25,No
203564,45,No
203565,72,Yes
203566,67,No
203567,35,No
203568,83,Yes
203569,44,No
203570,36,No
203571,55,No
203572,39,No
203573,50,No
203574,47,No
203575,80,No
203576,59,Yes
203577,37,No
203578,49,No
203579,70,Yes
203580,8,Yes
203581,50,No
203582,41,No
203583,55,Yes
203584,42,Yes
203585,3,No
203586,72,No
203587,17,No
203588,33,No
203589,50,No
203590,77,No
203591,43,No
203592,37,No
203593,39,No
203594,60,Yes
203595,67,Yes
203596,49,No
203597,43,No
203598,78,Yes
203599,26,No
203600,19,No
203601,32,No
203602,15,No
203603,37,No
203604,95,Yes
203605,33,No
203606,81,Yes
203607,67,No
203608,64,Yes
203609,73,Yes
203610,14,No
203611,48,Yes
203612,61,No
203613,32,No
203614,30,No
203615,63,No
203616,79,Yes
203617,10,No
203618,49,No
203619,62,No
203620,52,No
203621,59,Yes
203622,36,No
203623,60,No
203624,26,No
203625,52,No
203626,60,Yes
203627,23,No
203628,37,No
203629,38,No
203630,65,Yes
203631,31,No
203632,40,No
203633,55,No
203634,48,No
203635,2,No
203636,35,No
203637,51,No
203638,43,No
203639,67,Yes
203640,54,Yes
203641,66,Yes
203642,71,Yes
203643,72,Yes
203644,64,Yes
203645,37,No
203646,41,Yes
203647,40,Yes
203648,50,No
203649,70,Yes
203650,63,Yes
203651,30,No
203652,51,Yes
203653,73,Yes
203654,23,No
203655,42,No
203656,71,Yes
203657,12,No
203658,46,No
203659,20,No
203660,26,No
203661,59,No
203662,41,No
203663,8,No
203664,46,No
203665,25,No
203666,24,No
203667,67,Yes
203668,45,No
203669,34,No
203670,26,No
203671,98,Yes
203672,37,No
203673,40,No
203674,38,No
203675,35,No
203676,29,No
203677,17,No
203678,10,No
203679,67,Yes
203680,52,No
203681,17,No
203682,37,No
203683,33,No
203684,37,Yes
203685,46,No
203686,31,No
203687,25,No
203688,52,Yes
203689,70,Yes
203690,69,Yes
203691,35,No
203692,35,No
203693,57,No
203694,32,No
203695,58,Yes
203696,34,No
203697,19,No
203698,76,Yes
203699,59,No
203700,87,Yes
203701,28,No
203702,53,Yes
203703,34,No
203704,52,No
203705,60,Yes
203706,97,Yes
203707,26,No
203708,15,No
203709,43,No
203710,55,Yes
203711,51,No
203712,42,No
203713,55,Yes
203714,53,Yes
203715,37,No
203716,36,No
203717,88,Yes
203718,67,Yes
203719,56,No
203720,74,No
203721,20,No
203722,72,Yes
203723,56,No
203724,81,Yes
203725,64,Yes
203726,54,No
203727,49,No
203728,33,No
203729,58,Yes
203730,69,Yes
203731,20,No
203732,7,No
203733,66,Yes
203734,39,No
203735,74,Yes
203736,46,Yes
203737,17,No
203738,26,No
203739,54,Yes
203740,43,Yes
203741,8,No
203742,58,No
203743,36,No
203744,88,No
203745,53,No
203746,58,No
203747,64,Yes
203748,73,Yes
203749,64,No
203750,30,No
203751,41,No
203752,61,No
203753,47,No
203754,25,No
203755,70,No
203756,27,No
203757,70,Yes
203758,22,No
203759,28,No
203760,30,No
203761,84,Yes
203762,36,No
203763,35,No
203764,36,No
203765,64,Yes
203766,51,No
203767,62,Yes
203768,20,No
203769,43,No
203770,58,Yes
203771,30,No
203772,67,Yes
203773,62,Yes
203774,58,Yes
203775,72,Yes
203776,68,No
203777,66,No
203778,32,No
203779,82,Yes
203780,36,Yes
203781,35,No
203782,36,No
203783,33,No
203784,10,No
203785,37,No
203786,53,Yes
203787,57,Yes
203788,3,No
203789,80,Yes
203790,30,No
203791,62,Yes
203792,62,No
203793,30,No
203794,65,No
203795,50,No
203796,50,Yes
203797,47,No
203798,64,Yes
203799,79,Yes
203800,74,Yes
203801,59,No
203802,41,No
203803,30,No
203804,61,No
203805,41,No
203806,77,Yes
203807,61,Yes
203808,42,No
203809,44,No
203810,56,No
203811,33,No
203812,70,Yes
203813,14,No
203814,17,No
203815,41,No
203816,31,No
203817,8,No
203818,41,Yes
203819,44,No
203820,52,Yes
203821,4,No
203822,33,No
203823,67,Yes
203824,69,Yes
203825,69,Yes
203826,65,Yes
203827,65,No
203828,66,Yes
203829,43,No
203830,24,No
203831,44,No
203832,63,Yes
203833,59,Yes
203834,74,Yes
203835,57,No
203836,48,No
203837,47,No
203838,26,No
203839,47,No
203840,0,No
203841,23,No
203842,55,No
203843,67,Yes
203844,43,No
203845,61,Yes
203846,74,Yes
203847,62,Yes
203848,24,No
203849,26,No
203850,44,No
203851,80,Yes
203852,50,No
203853,36,No
203854,47,Yes
203855,24,No
203856,45,No
203857,56,No
203858,19,No
203859,47,Yes
203860,53,No
203861,43,No
203862,0,No
203863,69,Yes
203864,39,No
203865,61,Yes
203866,36,Yes
203867,53,No
203868,61,No
203869,57,No
203870,51,No
203871,13,No
203872,18,No
203873,45,No
203874,100,Yes
203875,71,Yes
203876,64,No
203877,42,No
203878,13,No
203879,37,No
203880,34,No
203881,79,Yes
203882,34,No
203883,53,No
203884,58,Yes
203885,0,No
203886,57,No
203887,46,Yes
203888,40,No
203889,61,Yes
203890,71,Yes
203891,27,No
203892,30,No
203893,4,No
203894,59,No
203895,42,No
203896,41,No
203897,59,No
203898,22,No
203899,37,No
203900,63,No
203901,73,Yes
203902,20,No
203903,66,Yes
203904,49,Yes
203905,81,Yes
203906,39,Yes
203907,50,No
203908,28,No
203909,87,Yes
203910,59,Yes
203911,66,No
203912,17,No
203913,44,Yes
203914,17,No
203915,54,Yes
203916,41,No
203917,57,Yes
203918,47,No
203919,94,Yes
203920,13,No
203921,14,No
203922,5,No
203923,43,No
203924,88,Yes
203925,36,No
203926,12,No
203927,38,Yes
203928,51,No
203929,43,No
203930,40,No
203931,68,Yes
203932,59,Yes
203933,45,No
203934,40,No
203935,50,Yes
203936,39,No
203937,26,No
203938,55,No
203939,34,No
203940,69,Yes
203941,36,No
203942,0,No
203943,54,No
203944,9,No
203945,65,Yes
203946,40,No
203947,69,No
203948,33,No
203949,53,No
203950,74,Yes
203951,60,Yes
203952,44,No
203953,80,Yes
203954,94,Yes
203955,1,No
203956,52,No
203957,68,Yes
203958,61,No
203959,23,No
203960,46,No
203961,60,No
203962,9,No
203963,27,No
203964,18,No
203965,49,No
203966,70,No
203967,71,Yes
203968,57,No
203969,60,Yes
203970,22,No
203971,66,Yes
203972,21,No
203973,41,No
203974,0,No
203975,60,Yes
203976,9,No
203977,2,No
203978,10,No
203979,43,No
203980,45,Yes
203981,28,No
203982,94,Yes
203983,38,No
203984,82,Yes
203985,40,No
203986,37,No
203987,4,No
203988,51,Yes
203989,48,No
203990,9,No
203991,80,Yes
203992,44,No
203993,52,Yes
203994,46,No
203995,87,Yes
203996,34,No
203997,20,No
203998,38,No
203999,40,No
204000,46,Yes
204001,36,No
204002,77,Yes
204003,29,No
204004,58,Yes
204005,22,No
204006,45,No
204007,57,No
204008,50,No
204009,59,Yes
204010,50,No
204011,64,No
204012,77,Yes
204013,35,No
204014,81,Yes
204015,44,No
204016,37,No
204017,39,Yes
204018,32,No
204019,59,No
204020,39,No
204021,55,No
204022,30,No
204023,57,No
204024,40,No
204025,66,Yes
204026,99,Yes
204027,45,No
204028,36,No
204029,9,No
204030,76,No
204031,47,No
204032,58,Yes
204033,1,No
204034,24,No
204035,33,No
204036,8,No
204037,0,No
204038,21,No
204039,25,No
204040,38,Yes
204041,29,No
204042,40,No
204043,60,Yes
204044,46,No
204045,23,No
204046,28,No
204047,64,Yes
204048,45,No
204049,56,No
204050,42,No
204051,86,No
204052,56,No
204053,79,Yes
204054,58,No
204055,65,Yes
204056,5,No
204057,82,No
204058,85,Yes
204059,26,No
204060,20,No
204061,15,No
204062,50,Yes
204063,55,No
204064,36,No
204065,55,No
204066,35,No
204067,50,No
204068,62,No
204069,45,No
204070,17,No
204071,28,No
204072,48,No
204073,39,Yes
204074,37,Yes
204075,56,Yes
204076,58,Yes
204077,56,Yes
204078,55,No
204079,49,Yes
204080,73,Yes
204081,30,No
204082,0,No
204083,52,Yes
204084,16,No
204085,38,No
204086,20,No
204087,54,Yes
204088,29,No
204089,53,No
204090,33,No
204091,27,No
204092,36,No
204093,49,No
204094,52,Yes
204095,73,Yes
204096,42,No
204097,22,No
204098,57,No
204099,67,No
204100,55,No
204101,89,Yes
204102,12,No
204103,34,No
204104,36,No
204105,47,No
204106,65,No
204107,16,No
204108,76,No
204109,36,No
204110,51,Yes
204111,21,No
204112,74,Yes
204113,18,No
204114,27,No
204115,9,No
204116,100,Yes
204117,22,No
204118,31,No
204119,18,No
204120,23,No
204121,62,Yes
204122,44,No
204123,20,No
204124,11,No
204125,56,Yes
204126,32,No
204127,39,No
204128,7,No
204129,29,No
204130,52,Yes
204131,8,No
204132,47,No
204133,50,No
204134,34,Yes
204135,48,No
204136,55,Yes
204137,46,Yes
204138,33,No
204139,14,No
204140,70,Yes
204141,44,No
204142,62,Yes
204143,80,Yes
204144,29,No
204145,55,No
204146,41,No
204147,80,Yes
204148,35,No
204149,71,Yes
204150,70,No
204151,87,Yes
204152,28,No
204153,70,Yes
204154,43,No
204155,96,Yes
204156,25,No
204157,100,Yes
204158,44,No
204159,46,No
204160,58,Yes
204161,45,No
204162,80,Yes
204163,40,Yes
204164,44,No
204165,52,No
204166,47,No
204167,34,No
204168,45,No
204169,91,Yes
204170,56,Yes
204171,21,No
204172,52,No
204173,84,Yes
204174,26,No
204175,59,No
204176,81,Yes
204177,57,No
204178,31,No
204179,88,Yes
204180,79,Yes
204181,40,Yes
204182,61,Yes
204183,32,No
204184,21,No
204185,25,No
204186,34,No
204187,14,No
204188,77,Yes
204189,48,Yes
204190,41,No
204191,55,No
204192,48,Yes
204193,52,Yes
204194,56,No
204195,26,No
204196,56,No
204197,19,No
204198,45,No
204199,57,Yes
204200,66,Yes
204201,34,No
204202,60,No
204203,62,Yes
204204,23,No
204205,69,Yes
204206,12,No
204207,50,No
204208,45,No
204209,41,No
204210,26,No
204211,32,No
204212,23,No
204213,67,No
204214,8,No
204215,44,No
204216,43,No
204217,27,No
204218,0,No
204219,61,Yes
204220,61,Yes
204221,65,Yes
204222,99,Yes
204223,52,Yes
204224,24,Yes
204225,27,No
204226,61,Yes
204227,74,No
204228,39,No
204229,30,No
204230,29,No
204231,61,Yes
204232,17,No
204233,9,No
204234,44,No
204235,47,Yes
204236,35,No
204237,69,Yes
204238,19,No
204239,43,No
204240,60,No
204241,33,No
204242,70,Yes
204243,37,No
204244,71,No
204245,21,No
204246,37,No
204247,21,No
204248,45,No
204249,43,No
204250,61,Yes
204251,66,Yes
204252,35,No
204253,31,Yes
204254,21,No
204255,28,No
204256,52,Yes
204257,81,Yes
204258,32,No
204259,33,No
204260,70,Yes
204261,54,No
204262,58,Yes
204263,76,Yes
204264,13,No
204265,36,No
204266,46,No
204267,37,No
204268,67,Yes
204269,42,No
204270,21,No
204271,51,No
204272,36,No
204273,47,No
204274,60,No
204275,60,No
204276,52,No
204277,49,Yes
204278,34,No
204279,50,No
204280,60,No
204281,66,No
204282,62,Yes
204283,36,No
204284,85,Yes
204285,62,Yes
204286,69,Yes
204287,41,No
204288,18,No
204289,34,No
204290,52,No
204291,60,No
204292,86,Yes
204293,51,No
204294,40,Yes
204295,55,No
204296,90,Yes
204297,44,No
204298,22,No
204299,85,Yes
204300,51,No
204301,94,Yes
204302,34,No
204303,73,Yes
204304,14,No
204305,32,No
204306,29,No
204307,50,No
204308,58,No
204309,51,No
204310,24,Yes
204311,27,No
204312,57,No
204313,52,Yes
204314,0,No
204315,73,Yes
204316,50,No
204317,32,No
204318,40,No
204319,52,No
204320,46,No
204321,30,No
204322,41,No
204323,41,No
204324,65,Yes
204325,46,Yes
204326,50,Yes
204327,78,Yes
204328,25,No
204329,60,Yes
204330,35,No
204331,81,Yes
204332,23,No
204333,31,No
204334,55,No
204335,61,Yes
204336,39,No
204337,50,Yes
204338,37,No
204339,35,No
204340,70,Yes
204341,65,Yes
204342,4,No
204343,25,No
204344,37,No
204345,62,Yes
204346,48,No
204347,23,No
204348,45,No
204349,38,No
204350,59,Yes
204351,57,No
204352,100,Yes
204353,29,No
204354,31,No
204355,10,No
204356,43,No
204357,43,No
204358,52,No
204359,23,No
204360,61,Yes
204361,22,No
204362,100,Yes
204363,32,No
204364,59,No
204365,62,No
204366,56,No
204367,66,No
204368,43,Yes
204369,64,Yes
204370,86,Yes
204371,61,Yes
204372,36,No
204373,46,No
204374,52,Yes
204375,100,Yes
204376,62,Yes
204377,39,No
204378,50,Yes
204379,21,No
204380,68,Yes
204381,58,Yes
204382,76,Yes
204383,62,No
204384,24,No
204385,57,No
204386,35,No
204387,40,No
204388,74,Yes
204389,45,No
204390,45,No
204391,19,No
204392,41,No
204393,36,No
204394,45,No
204395,32,No
204396,60,No
204397,18,No
204398,37,Yes
204399,41,No
204400,30,No
204401,51,No
204402,36,No
204403,56,Yes
204404,77,Yes
204405,48,No
204406,39,No
204407,49,No
204408,45,No
204409,33,No
204410,55,No
204411,60,No
204412,52,Yes
204413,61,No
204414,43,No
204415,45,Yes
204416,34,No
204417,17,No
204418,67,Yes
204419,46,No
204420,48,No
204421,39,Yes
204422,15,No
204423,30,No
204424,61,Yes
204425,25,No
204426,47,Yes
204427,28,No
204428,22,No
204429,66,Yes
204430,15,No
204431,90,Yes
204432,63,Yes
204433,56,Yes
204434,36,No
204435,47,No
204436,77,Yes
204437,52,No
204438,47,No
204439,41,Yes
204440,73,Yes
204441,33,No
204442,25,No
204443,37,No
204444,46,No
204445,0,No
204446,72,Yes
204447,5,No
204448,36,No
204449,22,No
204450,62,Yes
204451,22,Yes
204452,15,No
204453,57,No
204454,24,No
204455,46,No
204456,33,No
204457,67,Yes
204458,19,No
204459,66,Yes
204460,46,No
204461,50,No
204462,29,No
204463,43,No
204464,49,No
204465,63,Yes
204466,24,No
204467,44,No
204468,47,Yes
204469,16,No
204470,26,No
204471,58,No
204472,52,No
204473,54,Yes
204474,23,No
204475,18,Yes
204476,40,Yes
204477,54,No
204478,29,No
204479,51,Yes
204480,91,Yes
204481,49,No
204482,90,Yes
204483,78,Yes
204484,67,Yes
204485,22,No
204486,43,No
204487,13,No
204488,62,Yes
204489,18,No
204490,28,No
204491,6,No
204492,14,No
204493,21,No
204494,14,No
204495,53,No
204496,71,Yes
204497,33,No
204498,60,Yes
204499,100,Yes
204500,55,Yes
204501,36,No
204502,38,No
204503,27,No
204504,0,No
204505,49,No
204506,36,Yes
204507,28,No
204508,25,No
204509,31,Yes
204510,54,No
204511,58,No
204512,75,Yes
204513,43,No
204514,42,No
204515,36,No
204516,64,No
204517,46,Yes
204518,58,No
204519,15,No
204520,36,No
204521,36,No
204522,30,No
204523,31,No
204524,59,Yes
204525,41,No
204526,59,Yes
204527,49,Yes
204528,23,No
204529,35,No
204530,45,Yes
204531,56,No
204532,2,No
204533,60,No
204534,60,Yes
204535,0,No
204536,57,Yes
204537,57,No
204538,54,Yes
204539,29,No
204540,17,No
204541,41,No
204542,22,No
204543,52,No
204544,85,Yes
204545,39,No
204546,59,No
204547,79,Yes
204548,72,Yes
204549,45,No
204550,79,Yes
204551,37,Yes
204552,84,Yes
204553,63,Yes
204554,40,Yes
204555,13,No
204556,10,No
204557,38,No
204558,62,No
204559,47,No
204560,38,No
204561,61,Yes
204562,2,No
204563,38,No
204564,51,No
204565,56,Yes
204566,69,Yes
204567,44,No
204568,28,No
204569,61,No
204570,99,Yes
204571,28,No
204572,49,Yes
204573,70,Yes
204574,55,No
204575,90,Yes
204576,49,No
204577,55,No
204578,26,No
204579,94,Yes
204580,62,Yes
204581,49,No
204582,59,Yes
204583,43,No
204584,54,Yes
204585,0,No
204586,61,Yes
204587,7,No
204588,73,Yes
204589,44,No
204590,69,No
204591,44,No
204592,30,No
204593,0,No
204594,78,Yes
204595,32,No
204596,49,No
204597,69,Yes
204598,73,Yes
204599,37,Yes
204600,70,Yes
204601,77,No
204602,35,No
204603,56,Yes
204604,67,Yes
204605,49,No
204606,55,Yes
204607,30,No
204608,47,No
204609,50,Yes
204610,18,No
204611,69,Yes
204612,31,No
204613,90,Yes
204614,68,Yes
204615,26,No
204616,20,No
204617,67,No
204618,70,Yes
204619,33,No
204620,24,No
204621,60,No
204622,45,No
204623,30,No
204624,34,No
204625,8,No
204626,25,No
204627,41,No
204628,46,No
204629,46,Yes
204630,40,No
204631,70,No
204632,51,Yes
204633,57,Yes
204634,69,Yes
204635,68,Yes
204636,56,No
204637,80,Yes
204638,48,No
204639,32,No
204640,33,No
204641,60,Yes
204642,40,No
204643,13,No
204644,48,No
204645,24,No
204646,61,No
204647,53,No
204648,30,No
204649,40,No
204650,100,Yes
204651,7,No
204652,85,Yes
204653,45,No
204654,32,No
204655,15,No
204656,63,Yes
204657,51,No
204658,48,No
204659,52,No
204660,29,No
204661,80,Yes
204662,37,No
204663,58,No
204664,66,No
204665,45,No
204666,31,No
204667,50,No
204668,0,No
204669,19,No
204670,34,No
204671,60,Yes
204672,47,Yes
204673,35,No
204674,43,No
204675,44,No
204676,37,No
204677,37,No
204678,13,No
204679,16,No
204680,46,No
204681,77,Yes
204682,36,No
204683,24,No
204684,15,No
204685,100,Yes
204686,46,No
204687,58,No
204688,89,Yes
204689,23,No
204690,23,No
204691,64,Yes
204692,27,No
204693,30,No
204694,69,Yes
204695,53,Yes
204696,64,Yes
204697,44,No
204698,60,No
204699,63,Yes
204700,19,No
204701,4,No
204702,52,No
204703,38,No
204704,41,No
204705,41,No
204706,50,No
204707,76,Yes
204708,63,Yes
204709,54,No
204710,15,No
204711,40,No
204712,50,No
204713,46,Yes
204714,47,No
204715,27,No
204716,72,Yes
204717,33,No
204718,25,No
204719,37,No
204720,45,No
204721,50,No
204722,46,No
204723,62,Yes
204724,46,No
204725,41,No
204726,83,Yes
204727,19,No
204728,54,Yes
204729,55,No
204730,42,Yes
204731,33,No
204732,64,No
204733,45,No
204734,46,No
204735,0,No
204736,15,No
204737,29,No
204738,55,Yes
204739,75,Yes
204740,69,Yes
204741,31,No
204742,60,Yes
204743,53,No
204744,59,No
204745,66,Yes
204746,31,No
204747,44,No
204748,17,No
204749,44,No
204750,44,No
204751,68,No
204752,46,No
204753,9,No
204754,47,No
204755,52,No
204756,25,No
204757,43,No
204758,12,No
204759,55,No
204760,80,Yes
204761,63,Yes
204762,55,No
204763,53,No
204764,68,No
204765,12,No
204766,60,No
204767,61,No
204768,27,No
204769,56,No
204770,36,No
204771,3,No
204772,63,Yes
204773,33,No
204774,51,No
204775,47,Yes
204776,34,No
204777,37,No
204778,58,Yes
204779,64,No
204780,54,Yes
204781,23,No
204782,39,Yes
204783,28,No
204784,42,No
204785,62,No
204786,42,No
204787,35,No
204788,46,No
204789,44,No
204790,36,No
204791,46,No
204792,45,Yes
204793,53,Yes
204794,47,No
204795,21,No
204796,42,No
204797,46,Yes
204798,79,No
204799,60,No
204800,32,No
204801,45,No
204802,46,No
204803,59,No
204804,50,No
204805,46,No
204806,81,No
204807,33,Yes
204808,49,Yes
204809,41,No
204810,48,No
204811,49,No
204812,25,No
204813,94,Yes
204814,40,No
204815,63,No
204816,34,No
204817,27,No
204818,57,No
204819,43,No
204820,50,Yes
204821,48,Yes
204822,26,No
204823,32,No
204824,71,Yes
204825,62,Yes
204826,38,No
204827,59,No
204828,54,No
204829,27,No
204830,66,Yes
204831,62,No
204832,49,No
204833,35,No
204834,18,No
204835,60,No
204836,91,Yes
204837,7,No
204838,56,No
204839,60,No
204840,79,Yes
204841,57,Yes
204842,40,No
204843,49,Yes
204844,86,Yes
204845,48,Yes
204846,51,No
204847,61,Yes
204848,100,Yes
204849,54,Yes
204850,46,No
204851,58,Yes
204852,30,No
204853,47,Yes
204854,80,Yes
204855,30,No
204856,18,No
204857,88,Yes
204858,46,No
204859,52,No
204860,60,Yes
204861,22,No
204862,45,No
204863,36,No
204864,54,Yes
204865,91,Yes
204866,41,No
204867,76,Yes
204868,27,No
204869,37,No
204870,87,Yes
204871,35,Yes
204872,46,No
204873,44,Yes
204874,40,No
204875,55,No
204876,47,No
204877,88,Yes
204878,59,Yes
204879,17,No
204880,25,No
204881,61,No
204882,54,No
204883,2,No
204884,80,Yes
204885,28,No
204886,22,No
204887,40,No
204888,58,Yes
204889,42,No
204890,44,No
204891,23,No
204892,72,Yes
204893,44,No
204894,45,No
204895,45,No
204896,29,No
204897,49,No
204898,85,Yes
204899,52,Yes
204900,45,No
204901,53,No
204902,50,No
204903,36,No
204904,40,No
204905,56,No
204906,54,No
204907,26,No
204908,48,Yes
204909,80,Yes
204910,54,No
204911,39,No
204912,40,No
204913,62,No
204914,46,No
204915,26,No
204916,50,No
204917,6,No
204918,44,No
204919,84,Yes
204920,43,No
204921,53,Yes
204922,57,No
204923,79,Yes
204924,35,No
204925,0,No
204926,69,Yes
204927,16,No
204928,25,No
204929,49,Yes
204930,14,No
204931,39,No
204932,52,No
204933,37,No
204934,63,Yes
204935,54,No
204936,47,No
204937,56,No
204938,53,Yes
204939,100,Yes
204940,11,No
204941,51,No
204942,16,No
204943,45,Yes
204944,49,No
204945,29,No
204946,67,No
204947,48,Yes
204948,24,No
204949,14,No
204950,19,No
204951,73,Yes
204952,1,No
204953,53,No
204954,43,Yes
204955,59,No
204956,53,No
204957,46,Yes
204958,32,No
204959,44,No
204960,62,Yes
204961,86,Yes
204962,61,No
204963,47,No
204964,16,No
204965,30,No
204966,71,Yes
204967,55,Yes
204968,14,No
204969,59,Yes
204970,47,Yes
204971,45,No
204972,10,No
204973,6,No
204974,84,Yes
204975,35,No
204976,25,No
204977,41,No
204978,68,Yes
204979,73,Yes
204980,13,No
204981,41,No
204982,64,Yes
204983,58,Yes
204984,1,No
204985,24,No
204986,54,No
204987,71,Yes
204988,33,No
204989,64,Yes
204990,66,No
204991,24,No
204992,45,No
204993,52,Yes
204994,5,No
204995,62,Yes
204996,90,Yes
204997,35,No
204998,29,No
204999,33,No
205000,35,No
205001,13,No
205002,57,Yes
205003,24,No
205004,94,Yes
205005,29,No
205006,80,No
205007,0,No
205008,41,Yes
205009,70,Yes
205010,83,Yes
205011,50,Yes
205012,31,No
205013,95,Yes
205014,73,Yes
205015,38,No
205016,74,Yes
205017,59,Yes
205018,65,Yes
205019,50,No
205020,58,No
205021,66,Yes
205022,55,No
205023,27,Yes
205024,42,Yes
205025,21,No
205026,56,No
205027,55,No
205028,39,No
205029,43,Yes
205030,60,No
205031,53,No
205032,36,No
205033,44,No
205034,69,Yes
205035,84,Yes
205036,28,No
205037,54,Yes
205038,84,Yes
205039,62,No
205040,50,No
205041,37,No
205042,40,No
205043,63,Yes
205044,71,Yes
205045,72,Yes
205046,14,No
205047,5,No
205048,58,Yes
205049,30,No
205050,25,No
205051,57,No
205052,15,No
205053,53,No
205054,75,Yes
205055,36,No
205056,62,Yes
205057,50,No
205058,68,Yes
205059,7,No
205060,16,No
205061,94,Yes
205062,45,No
205063,39,No
205064,40,No
205065,66,Yes
205066,24,No
205067,69,No
205068,28,No
205069,65,Yes
205070,16,No
205071,0,No
205072,77,No
205073,37,No
205074,30,No
205075,35,No
205076,56,No
205077,45,No
205078,36,Yes
205079,37,No
205080,27,No
205081,48,Yes
205082,46,No
205083,39,No
205084,24,No
205085,64,Yes
205086,49,No
205087,78,No
205088,5,No
205089,0,No
205090,64,No
205091,60,No
205092,37,No
205093,78,Yes
205094,27,No
205095,65,No
205096,54,No
205097,73,Yes
205098,53,Yes
205099,42,No
205100,38,No
205101,47,Yes
205102,16,No
205103,88,No
205104,47,No
205105,37,No
205106,52,Yes
205107,80,Yes
205108,68,Yes
205109,16,No
205110,64,Yes
205111,40,Yes
205112,65,Yes
205113,72,Yes
205114,69,No
205115,45,No
205116,47,No
205117,39,Yes
205118,41,No
205119,25,No
205120,41,No
205121,83,Yes
205122,28,No
205123,80,Yes
205124,49,No
205125,70,No
205126,61,Yes
205127,54,No
205128,100,Yes
205129,55,Yes
205130,46,No
205131,33,No
205132,47,No
205133,76,Yes
205134,35,No
205135,50,No
205136,58,Yes
205137,39,Yes
205138,28,No
205139,69,No
205140,58,Yes
205141,71,Yes
205142,81,Yes
205143,64,No
205144,60,Yes
205145,21,No
205146,63,No
205147,76,No
205148,33,No
205149,48,No
205150,32,No
205151,62,Yes
205152,8,No
205153,25,No
205154,43,Yes
205155,17,No
205156,60,No
205157,66,Yes
205158,36,No
205159,46,No
205160,72,Yes
205161,42,No
205162,23,No
205163,34,Yes
205164,42,No
205165,63,No
205166,35,No
205167,47,No
205168,46,No
205169,40,No
205170,51,No
205171,55,Yes
205172,26,No
205173,56,Yes
205174,67,Yes
205175,54,No
205176,82,Yes
205177,40,No
205178,12,No
205179,42,No
205180,81,No
205181,55,No
205182,27,No
205183,37,No
205184,58,No
205185,43,No
205186,50,No
205187,8,No
205188,25,No
205189,32,No
205190,34,No
205191,40,No
205192,37,No
205193,68,Yes
205194,46,No
205195,18,No
205196,19,No
205197,30,No
205198,45,No
205199,17,No
205200,28,No
205201,58,Yes
205202,19,No
205203,49,No
205204,27,No
205205,42,No
205206,46,No
205207,21,No
205208,44,No
205209,77,No
205210,31,Yes
205211,28,No
205212,35,No
205213,34,No
205214,62,No
205215,42,No
205216,52,No
205217,61,Yes
205218,36,Yes
205219,15,No
205220,63,No
205221,70,Yes
205222,35,No
205223,37,No
205224,30,No
205225,59,Yes
205226,47,Yes
205227,27,No
205228,82,Yes
205229,48,No
205230,16,No
205231,90,Yes
205232,36,No
205233,0,No
205234,53,Yes
205235,43,No
205236,61,No
205237,71,Yes
205238,47,No
205239,49,Yes
205240,51,Yes
205241,48,No
205242,55,No
205243,63,Yes
205244,18,No
205245,35,No
205246,55,Yes
205247,63,No
205248,40,No
205249,14,No
205250,2,No
205251,48,Yes
205252,48,Yes
205253,36,No
205254,23,No
205255,11,No
205256,46,No
205257,38,No
205258,52,No
205259,44,No
205260,52,No
205261,92,Yes
205262,27,No
205263,57,Yes
205264,39,No
205265,43,No
205266,36,No
205267,60,Yes
205268,28,No
205269,37,No
205270,23,No
205271,26,No
205272,37,No
205273,53,No
205274,39,No
205275,92,No
205276,27,No
205277,63,Yes
205278,25,No
205279,32,No
205280,26,No
205281,74,Yes
205282,19,No
205283,57,No
205284,68,Yes
205285,58,Yes
205286,63,Yes
205287,57,No
205288,56,Yes
205289,78,Yes
205290,66,No
205291,57,Yes
205292,39,Yes
205293,45,No
205294,60,Yes
205295,60,Yes
205296,61,No
205297,19,No
205298,70,Yes
205299,23,No
205300,48,No
205301,71,No
205302,39,No
205303,61,No
205304,40,No
205305,58,No
205306,65,No
205307,0,No
205308,40,No
205309,74,No
205310,44,No
205311,28,No
205312,24,No
205313,46,No
205314,38,No
205315,33,No
205316,37,No
205317,39,No
205318,37,No
205319,6,No
205320,64,No
205321,36,No
205322,30,No
205323,48,Yes
205324,24,No
205325,73,No
205326,53,No
205327,42,No
205328,54,No
205329,40,No
205330,88,Yes
205331,57,Yes
205332,60,Yes
205333,35,No
205334,11,No
205335,63,Yes
205336,69,Yes
205337,54,Yes
205338,37,No
205339,54,No
205340,39,No
205341,36,No
205342,42,No
205343,50,No
205344,100,Yes
205345,41,No
205346,44,No
205347,35,No
205348,55,No
205349,41,No
205350,63,No
205351,33,No
205352,34,No
205353,44,No
205354,56,No
205355,76,Yes
205356,33,No
205357,31,No
205358,12,No
205359,90,Yes
205360,69,Yes
205361,74,Yes
205362,31,No
205363,35,No
205364,72,Yes
205365,51,No
205366,41,Yes
205367,31,No
205368,25,No
205369,69,Yes
205370,66,Yes
205371,44,No
205372,27,No
205373,38,No
205374,8,No
205375,44,No
205376,28,No
205377,50,No
205378,12,No
205379,37,No
205380,63,Yes
205381,40,No
205382,32,No
205383,83,Yes
205384,52,Yes
205385,59,Yes
205386,41,No
205387,87,Yes
205388,62,No
205389,30,No
205390,57,No
205391,40,No
205392,54,No
205393,18,No
205394,45,No
205395,46,No
205396,59,Yes
205397,8,No
205398,42,No
205399,57,No
205400,49,No
205401,38,No
205402,34,No
205403,9,No
205404,58,Yes
205405,16,No
205406,36,Yes
205407,39,No
205408,90,Yes
205409,49,No
205410,13,No
205411,60,No
205412,77,No
205413,85,Yes
205414,27,No
205415,44,No
205416,29,No
205417,4,No
205418,44,No
205419,63,Yes
205420,10,No
205421,59,Yes
205422,91,No
205423,46,No
205424,21,No
205425,33,No
205426,53,No
205427,11,No
205428,59,Yes
205429,25,No
205430,20,No
205431,84,Yes
205432,53,No
205433,28,No
205434,75,Yes
205435,54,No
205436,0,No
205437,9,No
205438,56,No
205439,89,No
205440,39,No
205441,11,No
205442,48,No
205443,78,Yes
205444,37,No
205445,74,Yes
205446,36,No
205447,76,Yes
205448,44,No
205449,39,No
205450,57,No
205451,64,No
205452,9,No
205453,38,Yes
205454,48,Yes
205455,39,No
205456,31,Yes
205457,31,No
205458,11,No
205459,33,No
205460,87,Yes
205461,49,No
205462,25,No
205463,42,No
205464,45,Yes
205465,55,No
205466,67,No
205467,38,No
205468,36,No
205469,17,No
205470,68,Yes
205471,74,Yes
205472,50,No
205473,59,Yes
205474,32,No
205475,95,Yes
205476,66,No
205477,31,No
205478,32,No
205479,34,No
205480,44,No
205481,48,Yes
205482,59,No
205483,49,No
205484,16,No
205485,66,Yes
205486,55,No
205487,49,Yes
205488,42,No
205489,42,No
205490,66,Yes
205491,54,Yes
205492,51,Yes
205493,74,Yes
205494,40,No
205495,57,No
205496,53,Yes
205497,28,No
205498,82,Yes
205499,78,Yes
205500,47,Yes
205501,52,No
205502,24,No
205503,56,No
205504,49,No
205505,36,Yes
205506,68,Yes
205507,42,No
205508,25,No
205509,52,No
205510,29,No
205511,61,Yes
205512,54,No
205513,45,No
205514,62,No
205515,76,Yes
205516,44,No
205517,44,No
205518,27,No
205519,32,Yes
205520,55,No
205521,50,Yes
205522,73,Yes
205523,27,No
205524,34,Yes
205525,38,No
205526,26,No
205527,38,No
205528,39,No
205529,0,No
205530,62,No
205531,21,No
205532,5,No
205533,25,No
205534,59,Yes
205535,14,No
205536,67,Yes
205537,21,No
205538,69,Yes
205539,34,No
205540,37,No
205541,40,No
205542,55,No
205543,25,No
205544,80,Yes
205545,27,No
205546,56,Yes
205547,25,No
205548,41,No
205549,57,No
205550,55,No
205551,34,Yes
205552,31,No
205553,45,No
205554,34,No
205555,47,No
205556,52,Yes
205557,36,No
205558,58,No
205559,42,No
205560,37,No
205561,49,No
205562,70,Yes
205563,51,No
205564,76,Yes
205565,24,No
205566,24,No
205567,30,Yes
205568,26,No
205569,13,No
205570,10,No
205571,58,No
205572,34,No
205573,44,Yes
205574,24,No
205575,55,No
205576,0,No
205577,68,Yes
205578,58,Yes
205579,92,Yes
205580,69,Yes
205581,25,No
205582,62,No
205583,23,No
205584,37,No
205585,49,Yes
205586,80,Yes
205587,43,No
205588,37,No
205589,42,No
205590,56,No
205591,66,No
205592,40,No
205593,44,No
205594,58,No
205595,38,No
205596,40,No
205597,64,Yes
205598,57,No
205599,35,No
205600,64,No
205601,69,Yes
205602,52,Yes
205603,43,No
205604,40,No
205605,51,No
205606,64,Yes
205607,57,No
205608,73,Yes
205609,54,No
205610,38,Yes
205611,80,Yes
205612,65,No
205613,41,Yes
205614,38,No
205615,63,No
205616,57,No
205617,54,No
205618,44,No
205619,38,No
205620,51,No
205621,36,No
205622,32,No
205623,52,No
205624,31,No
205625,42,No
205626,25,No
205627,9,No
205628,23,No
205629,74,Yes
205630,28,No
205631,40,Yes
205632,27,Yes
205633,68,No
205634,72,Yes
205635,52,No
205636,37,No
205637,52,No
205638,22,No
205639,51,No
205640,44,No
205641,77,Yes
205642,45,Yes
205643,71,Yes
205644,67,Yes
205645,38,No
205646,24,No
205647,89,Yes
205648,69,Yes
205649,22,No
205650,23,No
205651,44,No
205652,76,Yes
205653,52,Yes
205654,37,No
205655,70,Yes
205656,41,No
205657,35,No
205658,66,Yes
205659,53,No
205660,56,Yes
205661,77,Yes
205662,55,No
205663,39,No
205664,42,No
205665,50,No
205666,31,No
205667,28,No
205668,50,No
205669,35,No
205670,71,Yes
205671,58,No
205672,80,Yes
205673,42,No
205674,37,No
205675,21,No
205676,44,No
205677,39,No
205678,100,Yes
205679,53,No
205680,46,No
205681,49,Yes
205682,52,No
205683,29,No
205684,51,No
205685,22,No
205686,63,No
205687,14,No
205688,19,No
205689,49,Yes
205690,41,No
205691,37,No
205692,55,No
205693,46,Yes
205694,26,No
205695,17,No
205696,55,No
205697,58,Yes
205698,68,Yes
205699,44,No
205700,28,No
205701,55,No
205702,59,Yes
205703,51,No
205704,51,No
205705,13,No
205706,62,Yes
205707,33,No
205708,55,No
205709,63,Yes
205710,81,No
205711,83,Yes
205712,37,No
205713,33,No
205714,80,Yes
205715,31,No
205716,19,No
205717,40,No
205718,16,No
205719,48,No
205720,65,Yes
205721,67,Yes
205722,46,No
205723,43,Yes
205724,25,No
205725,89,No
205726,40,No
205727,37,No
205728,20,No
205729,64,Yes
205730,30,No
205731,79,Yes
205732,54,No
205733,65,No
205734,87,Yes
205735,59,No
205736,32,No
205737,64,No
205738,56,Yes
205739,66,Yes
205740,51,Yes
205741,99,Yes
205742,64,Yes
205743,25,No
205744,41,No
205745,60,No
205746,30,Yes
205747,60,Yes
205748,32,No
205749,23,No
205750,61,Yes
205751,40,No
205752,31,Yes
205753,71,Yes
205754,68,Yes
205755,49,No
205756,33,No
205757,42,No
205758,59,No
205759,63,No
205760,6,No
205761,38,No
205762,51,No
205763,47,No
205764,57,Yes
205765,23,No
205766,28,No
205767,58,No
205768,29,No
205769,29,No
205770,88,Yes
205771,32,No
205772,71,Yes
205773,34,No
205774,18,No
205775,47,No
205776,64,No
205777,18,No
205778,100,Yes
205779,51,No
205780,66,Yes
205781,41,No
205782,56,No
205783,49,No
205784,67,Yes
205785,27,No
205786,86,Yes
205787,41,No
205788,68,No
205789,55,No
205790,31,No
205791,32,No
205792,89,Yes
205793,84,No
205794,31,No
205795,49,No
205796,34,No
205797,33,No
205798,14,No
205799,12,No
205800,33,No
205801,70,Yes
205802,73,Yes
205803,35,Yes
205804,52,No
205805,39,No
205806,27,Yes
205807,43,No
205808,30,No
205809,44,No
205810,29,No
205811,55,No
205812,15,No
205813,73,Yes
205814,56,No
205815,73,Yes
205816,70,Yes
205817,64,Yes
205818,31,Yes
205819,39,No
205820,100,Yes
205821,82,Yes
205822,37,No
205823,23,No
205824,22,No
205825,52,No
205826,16,No
205827,61,No
205828,50,No
205829,69,Yes
205830,43,No
205831,40,Yes
205832,79,Yes
205833,29,No
205834,23,No
205835,34,No
205836,63,Yes
205837,60,Yes
205838,46,No
205839,12,No
205840,38,No
205841,91,Yes
205842,65,No
205843,48,No
205844,16,No
205845,64,No
205846,41,No
205847,61,Yes
205848,100,Yes
205849,76,Yes
205850,78,Yes
205851,58,Yes
205852,24,No
205853,13,No
205854,51,No
205855,58,No
205856,56,No
205857,15,No
205858,53,No
205859,57,Yes
205860,54,No
205861,65,No
205862,49,Yes
205863,52,Yes
205864,61,No
205865,0,No
205866,57,No
205867,11,No
205868,41,No
205869,28,No
205870,34,No
205871,37,No
205872,51,No
205873,60,Yes
205874,32,No
205875,48,No
205876,45,Yes
205877,58,No
205878,43,No
205879,53,Yes
205880,87,Yes
205881,38,No
205882,33,No
205883,26,No
205884,81,Yes
205885,24,No
205886,65,Yes
205887,36,Yes
205888,58,No
205889,47,No
205890,78,Yes
205891,26,No
205892,56,Yes
205893,23,No
205894,53,No
205895,8,No
205896,65,Yes
205897,32,No
205898,37,No
205899,30,No
205900,53,Yes
205901,40,No
205902,20,No
205903,31,No
205904,54,Yes
205905,21,No
205906,36,No
205907,63,No
205908,44,Yes
205909,36,Yes
205910,33,No
205911,46,No
205912,71,No
205913,40,No
205914,86,Yes
205915,55,No
205916,84,Yes
205917,25,No
205918,82,Yes
205919,34,No
205920,48,No
205921,64,Yes
205922,51,No
205923,55,Yes
205924,55,Yes
205925,42,No
205926,54,No
205927,57,Yes
205928,54,No
205929,83,Yes
205930,40,No
205931,49,No
205932,60,No
205933,44,No
205934,46,No
205935,72,No
205936,31,No
205937,70,Yes
205938,40,No
205939,65,No
205940,29,No
205941,48,Yes
205942,41,No
205943,55,No
205944,49,Yes
205945,38,No
205946,45,No
205947,43,No
205948,30,No
205949,44,No
205950,34,No
205951,57,No
205952,42,Yes
205953,58,Yes
205954,43,No
205955,54,Yes
205956,50,No
205957,24,No
205958,55,No
205959,11,No
205960,42,No
205961,22,No
205962,17,No
205963,42,No
205964,48,No
205965,35,No
205966,10,No
205967,72,Yes
205968,56,Yes
205969,53,No
205970,24,No
205971,67,Yes
205972,42,No
205973,53,No
205974,74,Yes
205975,25,No
205976,0,No
205977,31,No
205978,8,No
205979,27,No
205980,77,No
205981,57,No
205982,62,No
205983,43,No
205984,46,Yes
205985,25,No
205986,26,No
205987,40,No
205988,72,Yes
205989,37,No
205990,36,No
205991,43,No
205992,14,No
205993,84,Yes
205994,94,Yes
205995,0,No
205996,42,No
205997,75,No
205998,0,No
205999,28,No
206000,37,No
206001,2,No
206002,42,No
206003,80,Yes
206004,48,No
206005,56,Yes
206006,63,Yes
206007,50,Yes
206008,28,No
206009,24,No
206010,32,No
206011,39,No
206012,54,No
206013,48,No
206014,34,No
206015,43,No
206016,40,No
206017,51,Yes
206018,42,Yes
206019,46,Yes
206020,46,No
206021,58,No
206022,60,Yes
206023,60,Yes
206024,60,No
206025,68,Yes
206026,71,Yes
206027,41,No
206028,23,No
206029,29,No
206030,47,No
206031,64,Yes
206032,48,Yes
206033,18,No
206034,48,Yes
206035,46,No
206036,67,Yes
206037,57,Yes
206038,37,No
206039,50,No
206040,61,Yes
206041,71,Yes
206042,31,No
206043,15,No
206044,47,No
206045,52,No
206046,56,No
206047,67,Yes
206048,51,No
206049,52,No
206050,32,No
206051,29,Yes
206052,69,No
206053,54,No
206054,24,No
206055,36,No
206056,47,No
206057,38,No
206058,0,No
206059,36,No
206060,48,No
206061,59,Yes
206062,34,Yes
206063,43,No
206064,20,No
206065,57,Yes
206066,18,No
206067,48,No
206068,20,No
206069,49,Yes
206070,42,No
206071,66,Yes
206072,37,Yes
206073,49,Yes
206074,11,No
206075,72,Yes
206076,25,No
206077,28,No
206078,33,No
206079,39,Yes
206080,89,No
206081,43,No
206082,63,No
206083,13,No
206084,22,No
206085,100,Yes
206086,38,Yes
206087,72,No
206088,20,No
206089,53,No
206090,57,No
206091,100,Yes
206092,0,No
206093,51,No
206094,38,Yes
206095,64,Yes
206096,20,No
206097,66,No
206098,46,Yes
206099,43,Yes
206100,9,No
206101,58,No
206102,66,No
206103,87,Yes
206104,100,Yes
206105,37,No
206106,20,No
206107,15,No
206108,4,No
206109,75,Yes
206110,65,Yes
206111,46,No
206112,22,No
206113,66,Yes
206114,27,No
206115,40,No
206116,32,No
206117,68,Yes
206118,28,No
206119,48,Yes
206120,27,No
206121,56,Yes
206122,51,Yes
206123,43,No
206124,83,Yes
206125,46,No
206126,85,Yes
206127,42,No
206128,15,No
206129,30,No
206130,34,No
206131,35,No
206132,88,Yes
206133,39,No
206134,27,No
206135,47,Yes
206136,41,No
206137,53,No
206138,36,No
206139,38,No
206140,60,Yes
206141,100,Yes
206142,64,No
206143,34,No
206144,72,Yes
206145,22,No
206146,31,No
206147,70,Yes
206148,68,Yes
206149,47,Yes
206150,55,No
206151,38,No
206152,100,Yes
206153,52,No
206154,16,No
206155,32,No
206156,50,No
206157,38,No
206158,60,No
206159,0,No
206160,44,No
206161,74,Yes
206162,28,No
206163,39,Yes
206164,59,Yes
206165,61,No
206166,49,Yes
206167,35,No
206168,72,No
206169,56,No
206170,76,Yes
206171,37,Yes
206172,100,Yes
206173,44,No
206174,81,Yes
206175,78,Yes
206176,33,No
206177,96,Yes
206178,58,Yes
206179,10,No
206180,23,No
206181,76,Yes
206182,31,No
206183,41,No
206184,74,No
206185,32,No
206186,28,No
206187,69,Yes
206188,47,No
206189,44,No
206190,46,No
206191,58,No
206192,44,No
206193,30,No
206194,44,Yes
206195,33,No
206196,32,No
206197,18,No
206198,34,No
206199,58,No
206200,76,No
206201,67,Yes
206202,29,No
206203,37,No
206204,12,No
206205,70,Yes
206206,25,No
206207,27,No
206208,68,No
206209,19,No
206210,33,No
206211,20,No
206212,8,No
206213,35,No
206214,51,No
206215,72,Yes
206216,42,Yes
206217,65,Yes
206218,37,No
206219,28,No
206220,19,No
206221,42,No
206222,51,No
206223,39,No
206224,35,No
206225,3,No
206226,26,No
206227,14,No
206228,43,Yes
206229,44,Yes
206230,43,Yes
206231,40,No
206232,55,Yes
206233,55,No
206234,82,Yes
206235,43,No
206236,38,No
206237,72,Yes
206238,53,Yes
206239,40,No
206240,84,Yes
206241,23,Yes
206242,40,No
206243,9,No
206244,78,Yes
206245,32,No
206246,61,No
206247,25,No
206248,83,Yes
206249,22,No
206250,71,Yes
206251,55,No
206252,77,Yes
206253,42,No
206254,51,No
206255,50,No
206256,69,No
206257,32,No
206258,13,No
206259,23,No
206260,78,Yes
206261,65,Yes
206262,52,No
206263,25,No
206264,40,No
206265,52,No
206266,50,No
206267,10,No
206268,43,No
206269,76,Yes
206270,9,No
206271,69,Yes
206272,43,No
206273,39,No
206274,29,No
206275,50,No
206276,43,No
206277,59,Yes
206278,26,No
206279,26,No
206280,40,No
206281,46,No
206282,81,Yes
206283,17,No
206284,44,Yes
206285,44,No
206286,36,No
206287,56,Yes
206288,70,No
206289,45,Yes
206290,38,No
206291,75,Yes
206292,42,Yes
206293,28,No
206294,66,Yes
206295,37,No
206296,0,No
206297,86,Yes
206298,36,No
206299,38,No
206300,50,No
206301,39,No
206302,35,No
206303,67,Yes
206304,57,Yes
206305,28,No
206306,57,Yes
206307,51,No
206308,60,Yes
206309,28,No
206310,52,No
206311,20,No
206312,40,No
206313,35,No
206314,39,No
206315,46,No
206316,44,Yes
206317,45,No
206318,34,No
206319,41,No
206320,29,No
206321,74,Yes
206322,52,No
206323,16,No
206324,75,No
206325,40,No
206326,33,No
206327,52,No
206328,12,No
206329,39,No
206330,72,Yes
206331,40,No
206332,27,No
206333,65,Yes
206334,68,Yes
206335,16,No
206336,65,Yes
206337,20,No
206338,50,No
206339,54,No
206340,62,Yes
206341,45,No
206342,37,No
206343,50,No
206344,51,No
206345,61,Yes
206346,68,Yes
206347,27,No
206348,26,No
206349,45,No
206350,72,Yes
206351,100,Yes
206352,96,Yes
206353,29,No
206354,98,Yes
206355,61,Yes
206356,80,Yes
206357,65,Yes
206358,50,Yes
206359,37,No
206360,25,No
206361,57,No
206362,85,Yes
206363,35,Yes
206364,62,Yes
206365,27,No
206366,26,No
206367,46,No
206368,20,No
206369,7,No
206370,32,Yes
206371,44,No
206372,54,No
206373,79,Yes
206374,22,No
206375,80,Yes
206376,46,No
206377,67,No
206378,41,No
206379,23,Yes
206380,77,Yes
206381,43,No
206382,34,No
206383,86,Yes
206384,43,No
206385,82,Yes
206386,12,No
206387,41,No
206388,37,No
206389,56,Yes
206390,79,Yes
206391,19,No
206392,17,No
206393,1,No
206394,60,Yes
206395,80,Yes
206396,24,No
206397,23,No
206398,31,No
206399,67,No
206400,58,No
206401,56,No
206402,36,No
206403,24,No
206404,61,Yes
206405,73,Yes
206406,78,Yes
206407,32,No
206408,31,No
206409,32,No
206410,50,No
206411,59,Yes
206412,67,Yes
206413,30,No
206414,61,Yes
206415,41,No
206416,22,No
206417,41,No
206418,20,No
206419,62,No
206420,41,No
206421,29,No
206422,7,No
206423,50,No
206424,52,No
206425,34,No
206426,24,No
206427,59,No
206428,0,No
206429,37,No
206430,63,Yes
206431,45,Yes
206432,43,No
206433,0,No
206434,49,No
206435,81,Yes
206436,21,No
206437,59,No
206438,58,No
206439,38,No
206440,24,No
206441,44,No
206442,46,No
206443,3,No
206444,83,Yes
206445,5,No
206446,42,No
206447,46,No
206448,57,Yes
206449,22,No
206450,43,No
206451,43,Yes
206452,72,Yes
206453,47,Yes
206454,48,No
206455,52,Yes
206456,49,No
206457,45,No
206458,50,Yes
206459,42,No
206460,54,No
206461,39,No
206462,28,No
206463,55,No
206464,40,No
206465,35,Yes
206466,64,No
206467,46,No
206468,31,No
206469,84,Yes
206470,68,Yes
206471,63,Yes
206472,68,No
206473,3,No
206474,27,No
206475,45,No
206476,15,No
206477,43,Yes
206478,67,Yes
206479,52,No
206480,38,No
206481,51,No
206482,22,No
206483,66,Yes
206484,26,No
206485,23,No
206486,42,Yes
206487,41,No
206488,12,No
206489,46,No
206490,60,Yes
206491,46,No
206492,89,Yes
206493,86,Yes
206494,49,Yes
206495,43,No
206496,65,Yes
206497,61,Yes
206498,41,No
206499,49,Yes
206500,63,Yes
206501,36,Yes
206502,56,No
206503,34,No
206504,58,Yes
206505,11,No
206506,18,No
206507,43,No
206508,66,No
206509,35,No
206510,59,Yes
206511,70,Yes
206512,29,No
206513,59,Yes
206514,49,No
206515,39,No
206516,48,Yes
206517,35,No
206518,26,No
206519,100,No
206520,39,No
206521,52,No
206522,59,Yes
206523,45,No
206524,68,No
206525,41,No
206526,22,No
206527,24,No
206528,30,No
206529,33,No
206530,27,No
206531,40,No
206532,91,Yes
206533,6,No
206534,54,No
206535,36,Yes
206536,37,No
206537,22,No
206538,95,Yes
206539,92,Yes
206540,42,Yes
206541,22,No
206542,15,No
206543,32,No
206544,99,Yes
206545,44,Yes
206546,38,No
206547,51,Yes
206548,51,No
206549,55,No
206550,74,Yes
206551,35,No
206552,11,No
206553,42,No
206554,38,No
206555,38,No
206556,57,No
206557,62,No
206558,72,No
206559,43,No
206560,77,No
206561,59,No
206562,57,Yes
206563,60,No
206564,58,Yes
206565,63,No
206566,26,No
206567,60,Yes
206568,28,No
206569,33,No
206570,44,Yes
206571,49,No
206572,24,No
206573,51,No
206574,52,Yes
206575,78,Yes
206576,27,No
206577,10,No
206578,34,No
206579,48,No
206580,70,Yes
206581,34,Yes
206582,45,No
206583,40,No
206584,10,No
206585,31,No
206586,49,No
206587,53,No
206588,51,No
206589,54,Yes
206590,13,No
206591,29,No
206592,70,Yes
206593,43,No
206594,65,No
206595,34,No
206596,79,Yes
206597,28,No
206598,67,Yes
206599,55,No
206600,49,Yes
206601,64,Yes
206602,17,No
206603,19,No
206604,79,Yes
206605,61,Yes
206606,35,No
206607,53,Yes
206608,65,No
206609,70,Yes
206610,48,No
206611,39,No
206612,34,No
206613,54,Yes
206614,22,No
206615,50,Yes
206616,30,No
206617,38,No
206618,75,Yes
206619,48,Yes
206620,60,Yes
206621,51,Yes
206622,0,No
206623,25,No
206624,59,No
206625,63,Yes
206626,39,No
206627,65,Yes
206628,30,No
206629,51,No
206630,54,No
206631,14,No
206632,52,Yes
206633,38,No
206634,29,No
206635,83,Yes
206636,6,No
206637,41,Yes
206638,57,No
206639,64,No
206640,41,No
206641,62,No
206642,14,No
206643,64,No
206644,61,Yes
206645,65,Yes
206646,45,No
206647,21,No
206648,97,Yes
206649,53,No
206650,66,Yes
206651,56,Yes
206652,52,No
206653,29,No
206654,41,No
206655,29,No
206656,56,Yes
206657,97,Yes
206658,42,No
206659,100,Yes
206660,23,No
206661,41,No
206662,39,No
206663,15,No
206664,46,No
206665,45,No
206666,47,No
206667,99,Yes
206668,40,Yes
206669,88,Yes
206670,53,Yes
206671,92,Yes
206672,68,Yes
206673,79,Yes
206674,19,No
206675,19,No
206676,50,No
206677,82,Yes
206678,60,Yes
206679,38,No
206680,67,No
206681,68,Yes
206682,39,No
206683,68,No
206684,45,No
206685,53,No
206686,54,No
206687,64,Yes
206688,36,No
206689,79,Yes
206690,58,Yes
206691,17,No
206692,80,Yes
206693,34,No
206694,46,No
206695,87,Yes
206696,39,No
206697,28,No
206698,58,Yes
206699,33,No
206700,52,No
206701,56,Yes
206702,54,No
206703,21,No
206704,48,No
206705,11,No
206706,50,Yes
206707,56,Yes
206708,35,No
206709,43,Yes
206710,52,Yes
206711,77,Yes
206712,57,Yes
206713,21,No
206714,77,Yes
206715,25,No
206716,67,Yes
206717,65,Yes
206718,57,No
206719,57,No
206720,37,No
206721,68,Yes
206722,44,No
206723,78,Yes
206724,51,No
206725,52,Yes
206726,37,Yes
206727,32,No
206728,66,Yes
206729,29,No
206730,41,No
206731,37,No
206732,21,No
206733,28,No
206734,29,No
206735,4,No
206736,64,No
206737,30,No
206738,43,No
206739,34,No
206740,48,Yes
206741,14,No
206742,51,Yes
206743,50,Yes
206744,65,Yes
206745,30,No
206746,82,Yes
206747,72,Yes
206748,20,No
206749,36,Yes
206750,35,No
206751,70,Yes
206752,38,No
206753,1,No
206754,96,Yes
206755,42,No
206756,51,No
206757,100,Yes
206758,20,No
206759,25,No
206760,40,No
206761,68,No
206762,60,No
206763,40,No
206764,54,Yes
206765,35,No
206766,50,Yes
206767,32,No
206768,47,Yes
206769,63,Yes
206770,24,No
206771,70,No
206772,65,Yes
206773,32,No
206774,33,No
206775,66,No
206776,51,No
206777,31,No
206778,52,No
206779,71,Yes
206780,34,No
206781,50,No
206782,48,No
206783,44,No
206784,54,No
206785,58,Yes
206786,27,No
206787,41,No
206788,68,Yes
206789,33,No
206790,20,No
206791,64,No
206792,40,No
206793,32,No
206794,37,No
206795,47,No
206796,61,No
206797,62,Yes
206798,68,Yes
206799,64,Yes
206800,32,Yes
206801,35,No
206802,66,Yes
206803,64,Yes
206804,81,Yes
206805,31,No
206806,16,No
206807,37,No
206808,1,No
206809,35,No
206810,31,No
206811,59,Yes
206812,55,No
206813,33,No
206814,46,Yes
206815,25,No
206816,50,No
206817,62,No
206818,90,Yes
206819,15,No
206820,55,Yes
206821,44,No
206822,5,No
206823,72,Yes
206824,47,Yes
206825,33,No
206826,46,Yes
206827,55,Yes
206828,50,No
206829,61,Yes
206830,72,Yes
206831,49,No
206832,40,No
206833,12,No
206834,62,Yes
206835,61,Yes
206836,47,No
206837,56,Yes
206838,40,No
206839,47,No
206840,42,No
206841,28,No
206842,83,Yes
206843,26,No
206844,54,Yes
206845,20,No
206846,28,No
206847,50,Yes
206848,25,No
206849,48,No
206850,54,No
206851,60,No
206852,26,No
206853,50,No
206854,34,No
206855,58,No
206856,58,No
206857,48,No
206858,39,No
206859,21,No
206860,15,No
206861,42,No
206862,60,Yes
206863,59,Yes
206864,67,Yes
206865,48,No
206866,25,No
206867,33,No
206868,46,Yes
206869,32,No
206870,20,No
206871,92,Yes
206872,43,No
206873,36,No
206874,32,No
206875,83,Yes
206876,100,Yes
206877,49,No
206878,72,Yes
206879,60,No
206880,99,Yes
206881,31,No
206882,79,Yes
206883,15,No
206884,63,Yes
206885,45,Yes
206886,8,No
206887,54,Yes
206888,15,No
206889,22,No
206890,69,Yes
206891,34,No
206892,46,No
206893,33,No
206894,72,Yes
206895,79,Yes
206896,39,No
206897,26,Yes
206898,32,No
206899,53,Yes
206900,50,No
206901,11,No
206902,21,No
206903,36,Yes
206904,35,No
206905,60,No
206906,52,Yes
206907,32,No
206908,26,No
206909,52,Yes
206910,21,No
206911,43,No
206912,21,No
206913,59,Yes
206914,30,No
206915,17,No
206916,40,No
206917,77,Yes
206918,75,Yes
206919,61,Yes
206920,36,No
206921,44,No
206922,61,No
206923,32,No
206924,31,No
206925,52,No
206926,22,No
206927,7,No
206928,22,No
206929,35,No
206930,49,No
206931,39,No
206932,66,Yes
206933,43,No
206934,44,Yes
206935,33,No
206936,68,No
206937,44,No
206938,71,Yes
206939,17,No
206940,52,No
206941,67,No
206942,26,No
206943,27,No
206944,43,Yes
206945,20,No
206946,1,No
206947,90,Yes
206948,40,No
206949,58,No
206950,70,No
206951,68,No
206952,36,No
206953,67,Yes
206954,43,No
206955,36,No
206956,37,No
206957,25,No
206958,32,No
206959,38,No
206960,20,No
206961,21,No
206962,43,No
206963,61,No
206964,57,No
206965,17,No
206966,31,No
206967,50,Yes
206968,44,Yes
206969,60,Yes
206970,95,Yes
206971,29,No
206972,47,No
206973,62,Yes
206974,43,No
206975,54,No
206976,50,Yes
206977,24,No
206978,51,No
206979,53,No
206980,48,Yes
206981,66,Yes
206982,52,No
206983,77,Yes
206984,32,No
206985,47,No
206986,62,Yes
206987,76,Yes
206988,38,No
206989,83,Yes
206990,24,No
206991,22,No
206992,24,No
206993,64,Yes
206994,52,No
206995,10,No
206996,47,No
206997,50,No
206998,23,No
206999,27,No
207000,56,Yes
207001,41,No
207002,45,No
207003,28,No
207004,28,No
207005,11,No
207006,41,No
207007,33,No
207008,19,No
207009,43,Yes
207010,34,No
207011,75,Yes
207012,81,No
207013,39,No
207014,22,No
207015,53,Yes
207016,57,No
207017,38,No
207018,25,No
207019,60,Yes
207020,29,No
207021,69,Yes
207022,31,No
207023,32,No
207024,44,No
207025,48,Yes
207026,35,No
207027,31,No
207028,72,No
207029,14,No
207030,45,Yes
207031,55,Yes
207032,65,No
207033,50,Yes
207034,69,Yes
207035,40,No
207036,45,No
207037,35,No
207038,27,No
207039,41,No
207040,55,No
207041,72,Yes
207042,21,No
207043,39,No
207044,67,Yes
207045,63,No
207046,42,No
207047,33,No
207048,61,No
207049,59,No
207050,17,No
207051,35,No
207052,55,No
207053,35,No
207054,33,No
207055,54,No
207056,51,Yes
207057,25,No
207058,58,No
207059,21,No
207060,58,No
207061,38,No
207062,79,Yes
207063,49,Yes
207064,69,No
207065,17,No
207066,40,No
207067,95,Yes
207068,78,Yes
207069,22,No
207070,47,Yes
207071,64,Yes
207072,73,No
207073,51,No
207074,77,Yes
207075,40,No
207076,73,Yes
207077,70,Yes
207078,43,No
207079,82,Yes
207080,60,Yes
207081,18,No
207082,71,Yes
207083,41,No
207084,23,No
207085,75,Yes
207086,48,Yes
207087,57,No
207088,51,Yes
207089,53,No
207090,32,No
207091,47,No
207092,77,Yes
207093,45,No
207094,54,Yes
207095,23,No
207096,16,No
207097,56,Yes
207098,38,Yes
207099,71,No
207100,44,No
207101,30,No
207102,11,No
207103,18,No
207104,52,Yes
207105,56,No
207106,47,No
207107,31,No
207108,61,No
207109,39,Yes
207110,42,No
207111,74,Yes
207112,48,No
207113,54,No
207114,61,No
207115,45,Yes
207116,64,Yes
207117,22,No
207118,37,Yes
207119,50,No
207120,25,No
207121,19,No
207122,75,Yes
207123,50,Yes
207124,41,No
207125,44,No
207126,25,No
207127,74,Yes
207128,3,No
207129,68,No
207130,19,No
207131,39,No
207132,29,No
207133,44,No
207134,29,No
207135,68,No
207136,48,Yes
207137,56,Yes
207138,22,No
207139,54,No
207140,40,No
207141,34,No
207142,10,No
207143,38,No
207144,71,Yes
207145,12,No
207146,39,No
207147,33,No
207148,14,No
207149,66,Yes
207150,2,No
207151,58,Yes
207152,55,No
207153,47,No
207154,53,Yes
207155,50,Yes
207156,34,No
207157,49,No
207158,5,No
207159,40,No
207160,65,No
207161,76,Yes
207162,9,No
207163,16,No
207164,36,No
207165,51,No
207166,67,No
207167,37,No
207168,53,No
207169,58,No
207170,31,No
207171,33,No
207172,63,No
207173,20,No
207174,36,No
207175,47,No
207176,75,Yes
207177,74,Yes
207178,81,Yes
207179,67,Yes
207180,58,Yes
207181,41,No
207182,23,No
207183,77,No
207184,40,No
207185,29,No
207186,28,No
207187,54,No
207188,50,Yes
207189,37,No
207190,42,Yes
207191,19,No
207192,39,Yes
207193,45,No
207194,51,No
207195,52,No
207196,22,No
207197,47,No
207198,34,No
207199,27,No
207200,51,No
207201,43,No
207202,41,No
207203,21,No
207204,75,Yes
207205,37,No
207206,40,Yes
207207,44,No
207208,35,No
207209,64,Yes
207210,63,No
207211,73,Yes
207212,54,Yes
207213,59,No
207214,71,Yes
207215,30,No
207216,32,No
207217,60,Yes
207218,36,No
207219,60,No
207220,38,No
207221,26,No
207222,45,No
207223,37,No
207224,22,No
207225,67,Yes
207226,26,No
207227,13,No
207228,52,No
207229,54,Yes
207230,23,No
207231,35,No
207232,50,Yes
207233,15,No
207234,69,Yes
207235,79,Yes
207236,45,No
207237,74,No
207238,80,Yes
207239,66,Yes
207240,41,No
207241,58,No
207242,54,No
207243,77,No
207244,47,No
207245,74,Yes
207246,7,No
207247,41,No
207248,53,No
207249,46,Yes
207250,59,Yes
207251,41,No
207252,57,No
207253,88,Yes
207254,54,Yes
207255,14,No
207256,27,No
207257,99,Yes
207258,50,No
207259,22,No
207260,92,Yes
207261,55,No
207262,11,No
207263,33,No
207264,42,No
207265,56,Yes
207266,100,Yes
207267,71,Yes
207268,31,No
207269,61,No
207270,15,No
207271,32,No
207272,78,Yes
207273,51,Yes
207274,58,Yes
207275,60,No
207276,40,No
207277,25,No
207278,82,Yes
207279,43,Yes
207280,59,Yes
207281,33,No
207282,29,No
207283,48,No
207284,54,Yes
207285,51,No
207286,30,No
207287,22,No
207288,57,Yes
207289,76,Yes
207290,57,Yes
207291,43,Yes
207292,50,Yes
207293,57,Yes
207294,28,No
207295,60,No
207296,74,Yes
207297,42,No
207298,12,No
207299,67,No
207300,51,Yes
207301,43,Yes
207302,79,Yes
207303,23,No
207304,69,No
207305,62,Yes
207306,29,No
207307,43,No
207308,57,No
207309,39,No
207310,44,No
207311,3,No
207312,56,No
207313,67,Yes
207314,41,No
207315,39,No
207316,35,No
207317,0,No
207318,51,No
207319,19,No
207320,39,No
207321,66,No
207322,32,No
207323,53,Yes
207324,38,No
207325,26,No
207326,63,Yes
207327,20,No
207328,89,Yes
207329,81,Yes
207330,55,No
207331,49,No
207332,45,No
207333,42,No
207334,56,Yes
207335,63,Yes
207336,41,No
207337,28,No
207338,32,Yes
207339,42,Yes
207340,69,Yes
207341,53,Yes
207342,49,Yes
207343,30,No
207344,62,Yes
207345,48,No
207346,63,No
207347,26,No
207348,57,No
207349,56,Yes
207350,52,No
207351,49,No
207352,48,No
207353,28,No
207354,65,No
207355,69,No
207356,53,Yes
207357,36,No
207358,53,No
207359,33,No
207360,51,No
207361,14,No
207362,44,Yes
207363,61,No
207364,72,No
207365,68,Yes
207366,90,Yes
207367,27,No
207368,51,No
207369,28,No
207370,64,No
207371,60,Yes
207372,31,No
207373,39,No
207374,60,Yes
207375,69,Yes
207376,44,No
207377,26,No
207378,42,No
207379,46,No
207380,38,Yes
207381,48,No
207382,100,Yes
207383,24,No
207384,51,Yes
207385,63,No
207386,47,No
207387,64,Yes
207388,26,No
207389,26,No
207390,46,No
207391,22,No
207392,34,No
207393,67,Yes
207394,48,No
207395,21,No
207396,35,No
207397,48,No
207398,36,No
207399,38,No
207400,57,Yes
207401,45,No
207402,20,No
207403,48,Yes
207404,23,No
207405,53,No
207406,41,No
207407,43,No
207408,27,No
207409,69,Yes
207410,26,No
207411,76,Yes
207412,59,Yes
207413,36,No
207414,62,No
207415,30,No
207416,30,No
207417,87,Yes
207418,24,No
207419,54,Yes
207420,59,Yes
207421,39,No
207422,29,No
207423,0,No
207424,71,Yes
207425,70,Yes
207426,41,No
207427,69,Yes
207428,50,Yes
207429,42,No
207430,64,Yes
207431,12,No
207432,85,Yes
207433,26,No
207434,28,No
207435,83,Yes
207436,62,Yes
207437,8,No
207438,65,Yes
207439,88,Yes
207440,29,No
207441,57,No
207442,52,No
207443,62,Yes
207444,40,No
207445,34,No
207446,23,No
207447,66,Yes
207448,12,No
207449,56,No
207450,48,Yes
207451,100,Yes
207452,42,Yes
207453,62,Yes
207454,47,No
207455,28,No
207456,34,No
207457,21,No
207458,33,No
207459,48,No
207460,40,No
207461,50,No
207462,91,Yes
207463,0,No
207464,38,No
207465,38,No
207466,54,Yes
207467,34,No
207468,27,No
207469,32,No
207470,57,Yes
207471,0,No
207472,33,No
207473,55,Yes
207474,49,No
207475,33,No
207476,52,Yes
207477,12,No
207478,47,Yes
207479,50,No
207480,26,No
207481,47,No
207482,47,No
207483,51,No
207484,48,No
207485,52,No
207486,38,No
207487,31,No
207488,28,No
207489,28,No
207490,40,No
207491,78,No
207492,32,No
207493,65,Yes
207494,19,No
207495,22,No
207496,22,No
207497,12,No
207498,0,No
207499,39,No
207500,41,No
207501,47,No
207502,80,No
207503,39,No
207504,46,No
207505,58,No
207506,4,No
207507,87,Yes
207508,60,No
207509,61,Yes
207510,41,No
207511,22,No
207512,48,No
207513,61,No
207514,48,Yes
207515,38,No
207516,35,No
207517,27,No
207518,72,No
207519,42,No
207520,45,Yes
207521,75,No
207522,20,No
207523,43,Yes
207524,63,No
207525,8,No
207526,40,No
207527,49,No
207528,44,No
207529,85,Yes
207530,46,No
207531,14,No
207532,23,No
207533,39,No
207534,78,Yes
207535,63,No
207536,59,No
207537,10,No
207538,51,No
207539,31,Yes
207540,58,No
207541,50,No
207542,79,Yes
207543,80,Yes
207544,8,No
207545,74,Yes
207546,100,Yes
207547,15,No
207548,55,No
207549,45,No
207550,41,No
207551,50,Yes
207552,89,Yes
207553,29,No
207554,29,No
207555,47,Yes
207556,53,No
207557,19,No
207558,45,No
207559,43,No
207560,58,Yes
207561,24,No
207562,70,Yes
207563,68,Yes
207564,57,Yes
207565,69,Yes
207566,50,No
207567,30,No
207568,21,No
207569,41,No
207570,78,Yes
207571,31,No
207572,74,No
207573,14,No
207574,24,No
207575,34,No
207576,20,No
207577,51,No
207578,53,No
207579,53,Yes
207580,63,No
207581,39,No
207582,53,Yes
207583,50,No
207584,54,No
207585,42,No
207586,30,No
207587,80,Yes
207588,18,No
207589,36,Yes
207590,42,No
207591,18,No
207592,82,Yes
207593,33,No
207594,0,No
207595,50,Yes
207596,89,Yes
207597,50,No
207598,43,No
207599,27,No
207600,19,No
207601,32,No
207602,77,Yes
207603,40,No
207604,50,Yes
207605,40,No
207606,75,Yes
207607,47,No
207608,46,Yes
207609,55,Yes
207610,43,Yes
207611,34,No
207612,49,No
207613,65,Yes
207614,30,No
207615,63,No
207616,0,No
207617,36,No
207618,26,No
207619,40,No
207620,82,Yes
207621,60,Yes
207622,21,No
207623,45,No
207624,30,No
207625,56,No
207626,52,No
207627,13,No
207628,71,Yes
207629,34,No
207630,59,No
207631,75,Yes
207632,97,Yes
207633,19,No
207634,70,No
207635,77,Yes
207636,55,Yes
207637,77,Yes
207638,58,No
207639,22,No
207640,84,Yes
207641,76,Yes
207642,52,No
207643,38,No
207644,77,No
207645,54,No
207646,37,No
207647,21,No
207648,40,No
207649,40,No
207650,22,No
207651,39,Yes
207652,65,No
207653,53,No
207654,38,Yes
207655,100,Yes
207656,47,No
207657,30,No
207658,21,No
207659,48,No
207660,75,Yes
207661,88,Yes
207662,49,No
207663,97,Yes
207664,49,No
207665,32,No
207666,90,Yes
207667,32,No
207668,77,Yes
207669,56,Yes
207670,27,No
207671,23,No
207672,35,No
207673,57,No
207674,65,Yes
207675,48,No
207676,42,Yes
207677,51,No
207678,12,No
207679,29,No
207680,54,No
207681,48,Yes
207682,29,No
207683,37,No
207684,45,Yes
207685,54,Yes
207686,18,No
207687,30,No
207688,58,Yes
207689,61,No
207690,48,No
207691,52,Yes
207692,59,Yes
207693,18,No
207694,61,Yes
207695,20,No
207696,52,No
207697,47,No
207698,31,No
207699,33,No
207700,46,No
207701,65,Yes
207702,20,No
207703,33,Yes
207704,35,No
207705,10,No
207706,46,No
207707,44,No
207708,38,No
207709,90,Yes
207710,40,No
207711,54,Yes
207712,42,No
207713,80,Yes
207714,81,Yes
207715,35,No
207716,32,No
207717,40,No
207718,86,Yes
207719,30,No
207720,57,No
207721,55,Yes
207722,55,No
207723,59,Yes
207724,33,No
207725,62,Yes
207726,66,Yes
207727,34,No
207728,63,Yes
207729,89,Yes
207730,29,No
207731,45,No
207732,39,No
207733,31,No
207734,32,No
207735,61,Yes
207736,38,No
207737,53,Yes
207738,35,No
207739,62,No
207740,60,Yes
207741,39,Yes
207742,48,No
207743,65,No
207744,70,Yes
207745,41,No
207746,22,No
207747,78,Yes
207748,46,No
207749,51,Yes
207750,43,No
207751,18,No
207752,44,Yes
207753,43,No
207754,30,No
207755,9,No
207756,50,Yes
207757,72,Yes
207758,49,Yes
207759,25,No
207760,46,No
207761,26,No
207762,78,Yes
207763,33,No
207764,64,Yes
207765,54,No
207766,36,No
207767,29,No
207768,3,No
207769,55,No
207770,63,No
207771,51,No
207772,40,No
207773,8,No
207774,24,No
207775,31,No
207776,72,Yes
207777,80,Yes
207778,54,Yes
207779,77,Yes
207780,26,No
207781,38,No
207782,78,Yes
207783,58,Yes
207784,86,Yes
207785,54,No
207786,57,Yes
207787,51,No
207788,47,No
207789,79,Yes
207790,14,No
207791,73,No
207792,24,No
207793,66,Yes
207794,59,No
207795,59,Yes
207796,17,No
207797,22,No
207798,75,Yes
207799,75,Yes
207800,26,No
207801,41,No
207802,74,No
207803,61,No
207804,48,No
207805,35,No
207806,38,No
207807,25,No
207808,61,Yes
207809,23,No
207810,69,No
207811,43,No
207812,28,No
207813,39,No
207814,78,Yes
207815,31,No
207816,60,Yes
207817,29,No
207818,9,No
207819,17,No
207820,51,Yes
207821,43,Yes
207822,58,Yes
207823,37,No
207824,85,Yes
207825,22,No
207826,61,Yes
207827,72,No
207828,37,No
207829,21,No
207830,39,No
207831,58,No
207832,44,Yes
207833,42,No
207834,8,No
207835,59,Yes
207836,24,Yes
207837,33,No
207838,48,No
207839,42,No
207840,26,No
207841,22,Yes
207842,38,No
207843,34,Yes
207844,63,Yes
207845,73,Yes
207846,68,Yes
207847,59,Yes
207848,45,No
207849,33,No
207850,46,No
207851,28,No
207852,24,No
207853,47,Yes
207854,7,No
207855,31,No
207856,26,Yes
207857,62,Yes
207858,52,Yes
207859,39,No
207860,37,No
207861,61,Yes
207862,49,No
207863,12,No
207864,55,Yes
207865,69,Yes
207866,18,No
207867,49,No
207868,26,No
207869,49,No
207870,23,No
207871,39,Yes
207872,60,Yes
207873,52,No
207874,5,No
207875,33,No
207876,65,Yes
207877,92,Yes
207878,75,Yes
207879,46,Yes
207880,70,Yes
207881,42,No
207882,46,No
207883,52,No
207884,16,No
207885,25,No
207886,50,Yes
207887,55,No
207888,52,No
207889,67,No
207890,65,No
207891,14,No
207892,55,Yes
207893,49,No
207894,66,Yes
207895,49,No
207896,70,Yes
207897,50,No
207898,39,Yes
207899,70,No
207900,63,Yes
207901,32,No
207902,61,No
207903,29,No
207904,53,No
207905,62,No
207906,37,No
207907,18,No
207908,33,No
207909,46,Yes
207910,28,No
207911,47,No
207912,24,No
207913,56,Yes
207914,38,No
207915,63,No
207916,33,No
207917,63,No
207918,24,No
207919,21,No
207920,24,No
207921,37,No
207922,28,No
207923,75,Yes
207924,57,Yes
207925,60,Yes
207926,46,Yes
207927,50,No
207928,60,Yes
207929,24,No
207930,94,Yes
207931,28,No
207932,39,No
207933,43,No
207934,79,Yes
207935,23,No
207936,67,No
207937,75,Yes
207938,28,Yes
207939,35,No
207940,51,Yes
207941,38,No
207942,62,No
207943,48,No
207944,30,No
207945,55,Yes
207946,57,No
207947,56,Yes
207948,37,No
207949,62,Yes
207950,39,No
207951,43,Yes
207952,15,No
207953,9,No
207954,34,No
207955,54,Yes
207956,23,No
207957,26,No
207958,53,No
207959,49,Yes
207960,66,No
207961,47,No
207962,43,No
207963,44,Yes
207964,94,Yes
207965,47,Yes
207966,43,No
207967,40,No
207968,32,No
207969,66,Yes
207970,17,No
207971,8,No
207972,40,No
207973,5,No
207974,38,No
207975,26,No
207976,13,No
207977,36,No
207978,31,No
207979,65,Yes
207980,81,Yes
207981,65,No
207982,13,No
207983,44,No
207984,55,No
207985,93,Yes
207986,49,No
207987,46,No
207988,88,Yes
207989,42,No
207990,58,Yes
207991,62,Yes
207992,61,Yes
207993,22,No
207994,59,Yes
207995,33,No
207996,50,No
207997,52,Yes
207998,50,No
207999,38,No
208000,23,No
208001,38,Yes
208002,43,Yes
208003,58,Yes
208004,42,No
208005,51,No
208006,61,Yes
208007,40,Yes
208008,32,No
208009,34,No
208010,94,Yes
208011,39,No
208012,39,No
208013,30,No
208014,90,Yes
208015,45,No
208016,39,No
208017,51,No
208018,54,No
208019,42,No
208020,63,No
208021,39,No
208022,70,No
208023,87,No
208024,81,Yes
208025,41,No
208026,34,Yes
208027,76,Yes
208028,0,No
208029,29,No
208030,64,Yes
208031,17,No
208032,34,No
208033,32,No
208034,57,No
208035,50,Yes
208036,55,Yes
208037,35,No
208038,19,No
208039,42,No
208040,66,Yes
208041,29,No
208042,69,Yes
208043,63,Yes
208044,17,No
208045,22,No
208046,54,Yes
208047,30,No
208048,36,No
208049,73,Yes
208050,84,Yes
208051,62,No
208052,44,No
208053,24,No
208054,38,Yes
208055,75,No
208056,82,Yes
208057,62,Yes
208058,51,Yes
208059,35,No
208060,58,Yes
208061,100,Yes
208062,30,No
208063,56,Yes
208064,70,No
208065,41,No
208066,45,Yes
208067,67,No
208068,32,No
208069,96,Yes
208070,56,Yes
208071,9,No
208072,77,Yes
208073,49,No
208074,31,No
208075,15,No
208076,33,No
208077,67,No
208078,68,Yes
208079,47,No
208080,36,No
208081,28,No
208082,42,No
208083,47,No
208084,85,Yes
208085,69,Yes
208086,56,Yes
208087,47,Yes
208088,35,No
208089,35,No
208090,17,No
208091,34,No
208092,32,No
208093,51,Yes
208094,74,Yes
208095,30,No
208096,22,No
208097,17,Yes
208098,47,No
208099,26,No
208100,27,No
208101,43,Yes
208102,38,Yes
208103,56,No
208104,48,No
208105,28,No
208106,51,No
208107,44,No
208108,33,Yes
208109,89,Yes
208110,65,Yes
208111,28,No
208112,19,No
208113,18,No
208114,39,Yes
208115,50,No
208116,29,No
208117,37,No
208118,11,No
208119,31,No
208120,48,No
208121,54,No
208122,55,No
208123,36,No
208124,40,No
208125,51,No
208126,49,Yes
208127,78,No
208128,64,Yes
208129,32,No
208130,36,No
208131,36,No
208132,0,No
208133,20,No
208134,26,No
208135,30,No
208136,11,No
208137,60,No
208138,52,Yes
208139,39,No
208140,55,No
208141,66,Yes
208142,22,No
208143,78,Yes
208144,65,Yes
208145,51,Yes
208146,72,Yes
208147,95,Yes
208148,49,No
208149,52,No
208150,29,No
208151,17,No
208152,58,No
208153,39,No
208154,50,No
208155,48,No
208156,48,No
208157,69,Yes
208158,58,No
208159,66,Yes
208160,55,No
208161,60,Yes
208162,40,No
208163,36,Yes
208164,86,Yes
208165,39,No
208166,68,Yes
208167,79,Yes
208168,55,No
208169,44,No
208170,22,No
208171,30,No
208172,33,No
208173,94,Yes
208174,27,No
208175,33,No
208176,89,Yes
208177,32,No
208178,45,No
208179,41,No
208180,27,No
208181,18,No
208182,52,No
208183,56,No
208184,53,Yes
208185,39,No
208186,41,No
208187,19,No
208188,39,No
208189,50,No
208190,70,Yes
208191,66,No
208192,20,No
208193,31,No
208194,74,Yes
208195,33,No
208196,67,Yes
208197,36,No
208198,46,Yes
208199,67,No
208200,48,No
208201,61,Yes
208202,67,Yes
208203,18,No
208204,31,No
208205,35,No
208206,73,Yes
208207,48,No
208208,54,No
208209,24,No
208210,62,No
208211,44,No
208212,64,No
208213,33,No
208214,57,Yes
208215,71,Yes
208216,30,No
208217,100,Yes
208218,77,No
208219,57,Yes
208220,48,Yes
208221,74,Yes
208222,55,Yes
208223,87,Yes
208224,52,No
208225,76,Yes
208226,41,No
208227,58,Yes
208228,31,No
208229,51,No
208230,87,Yes
208231,62,Yes
208232,28,No
208233,70,Yes
208234,44,No
208235,79,Yes
208236,43,No
208237,40,No
208238,52,No
208239,62,No
208240,84,Yes
208241,64,Yes
208242,58,Yes
208243,51,No
208244,21,No
208245,49,Yes
208246,29,No
208247,45,No
208248,41,No
208249,59,Yes
208250,100,Yes
208251,32,No
208252,20,No
208253,61,No
208254,10,No
208255,7,No
208256,47,No
208257,50,No
208258,46,Yes
208259,32,No
208260,33,No
208261,77,Yes
208262,34,No
208263,45,No
208264,55,No
208265,74,Yes
208266,65,Yes
208267,27,No
208268,22,No
208269,23,No
208270,22,No
208271,35,No
208272,76,Yes
208273,17,No
208274,63,Yes
208275,46,No
208276,63,No
208277,15,No
208278,90,Yes
208279,45,No
208280,40,No
208281,24,No
208282,77,Yes
208283,9,Yes
208284,46,Yes
208285,36,No
208286,40,No
208287,43,Yes
208288,45,Yes
208289,33,No
208290,37,No
208291,28,No
208292,56,No
208293,38,No
208294,61,Yes
208295,35,No
208296,37,No
208297,73,Yes
208298,32,No
208299,37,No
208300,42,No
208301,58,No
208302,17,No
208303,33,No
208304,60,No
208305,55,No
208306,40,No
208307,59,No
208308,60,Yes
208309,96,Yes
208310,54,Yes
208311,23,No
208312,13,No
208313,32,No
208314,14,No
208315,5,No
208316,38,No
208317,41,Yes
208318,10,No
208319,24,No
208320,52,No
208321,49,Yes
208322,64,No
208323,34,No
208324,52,Yes
208325,62,Yes
208326,39,No
208327,49,Yes
208328,24,No
208329,10,No
208330,79,Yes
208331,25,No
208332,41,No
208333,87,Yes
208334,36,No
208335,29,No
208336,52,No
208337,26,No
208338,35,No
208339,67,Yes
208340,7,No
208341,28,No
208342,43,No
208343,47,No
208344,50,Yes
208345,30,No
208346,43,No
208347,27,No
208348,48,No
208349,39,Yes
208350,88,Yes
208351,31,No
208352,69,No
208353,32,No
208354,33,No
208355,23,No
208356,31,No
208357,23,No
208358,77,No
208359,72,Yes
208360,35,Yes
208361,28,No
208362,32,No
208363,57,No
208364,45,Yes
208365,30,No
208366,23,No
208367,48,No
208368,22,No
208369,31,No
208370,36,No
208371,29,No
208372,29,No
208373,61,Yes
208374,78,Yes
208375,4,No
208376,66,Yes
208377,49,No
208378,26,No
208379,31,No
208380,29,No
208381,43,No
208382,73,No
208383,23,No
208384,24,No
208385,56,No
208386,48,No
208387,13,No
208388,27,No
208389,44,No
208390,67,Yes
208391,34,No
208392,27,No
208393,58,No
208394,78,Yes
208395,48,No
208396,59,Yes
208397,77,Yes
208398,55,Yes
208399,35,No
208400,60,No
208401,38,No
208402,22,No
208403,11,No
208404,70,Yes
208405,88,Yes
208406,4,No
208407,72,Yes
208408,22,No
208409,22,No
208410,30,No
208411,72,Yes
208412,52,Yes
208413,36,No
208414,49,Yes
208415,21,No
208416,91,Yes
208417,23,No
208418,62,No
208419,21,No
208420,75,Yes
208421,57,No
208422,52,No
208423,52,No
208424,43,Yes
208425,40,No
208426,57,No
208427,73,Yes
208428,53,No
208429,31,No
208430,23,No
208431,52,No
208432,88,Yes
208433,24,No
208434,48,Yes
208435,31,No
208436,63,No
208437,52,Yes
208438,50,Yes
208439,20,No
208440,38,Yes
208441,64,No
208442,54,No
208443,26,No
208444,5,No
208445,35,Yes
208446,27,No
208447,30,No
208448,76,Yes
208449,65,Yes
208450,49,No
208451,29,No
208452,9,No
208453,52,No
208454,65,Yes
208455,45,Yes
208456,43,No
208457,24,No
208458,81,Yes
208459,75,Yes
208460,32,No
208461,55,No
208462,52,No
208463,62,No
208464,27,No
208465,40,No
208466,76,Yes
208467,51,No
208468,34,No
208469,42,No
208470,31,No
208471,15,No
208472,46,No
208473,38,Yes
208474,67,No
208475,43,No
208476,21,No
208477,94,Yes
208478,48,No
208479,40,No
208480,57,No
208481,59,Yes
208482,83,Yes
208483,86,Yes
208484,27,No
208485,64,Yes
208486,54,No
208487,47,No
208488,57,Yes
208489,21,No
208490,70,Yes
208491,41,No
208492,75,Yes
208493,45,Yes
208494,60,Yes
208495,39,No
208496,60,Yes
208497,20,No
208498,35,No
208499,26,No
208500,33,No
208501,65,Yes
208502,53,No
208503,31,No
208504,86,Yes
208505,43,No
208506,37,No
208507,49,No
208508,70,Yes
208509,92,Yes
208510,24,No
208511,67,No
208512,56,Yes
208513,0,No
208514,37,No
208515,62,Yes
208516,45,No
208517,57,No
208518,72,Yes
208519,84,Yes
208520,54,Yes
208521,27,No
208522,33,No
208523,66,Yes
208524,13,No
208525,56,No
208526,53,Yes
208527,30,No
208528,69,Yes
208529,24,No
208530,46,No
208531,27,No
208532,68,Yes
208533,67,Yes
208534,44,No
208535,100,Yes
208536,15,No
208537,48,No
208538,65,No
208539,37,No
208540,20,No
208541,39,No
208542,38,No
208543,58,No
208544,68,Yes
208545,56,No
208546,28,No
208547,46,No
208548,100,Yes
208549,3,No
208550,50,No
208551,87,Yes
208552,95,Yes
208553,32,No
208554,39,No
208555,22,No
208556,48,Yes
208557,88,Yes
208558,9,No
208559,36,No
208560,61,Yes
208561,51,No
208562,77,No
208563,27,No
208564,30,No
208565,18,No
208566,69,Yes
208567,26,No
208568,42,No
208569,57,Yes
208570,53,No
208571,59,Yes
208572,47,No
208573,63,Yes
208574,100,Yes
208575,73,Yes
208576,80,No
208577,61,No
208578,52,No
208579,62,Yes
208580,73,Yes
208581,8,No
208582,37,No
208583,35,No
208584,100,Yes
208585,53,No
208586,28,No
208587,53,Yes
208588,68,Yes
208589,16,No
208590,50,No
208591,45,No
208592,61,No
208593,41,No
208594,53,Yes
208595,21,No
208596,31,No
208597,70,Yes
208598,35,No
208599,33,No
208600,23,No
208601,16,No
208602,59,Yes
208603,35,No
208604,66,No
208605,55,No
208606,20,No
208607,28,No
208608,48,No
208609,59,No
208610,44,No
208611,42,No
208612,34,No
208613,43,No
208614,71,Yes
208615,79,Yes
208616,66,Yes
208617,55,Yes
208618,77,Yes
208619,60,No
208620,51,No
208621,72,Yes
208622,33,No
208623,33,No
208624,53,Yes
208625,55,Yes
208626,28,No
208627,48,Yes
208628,4,No
208629,60,Yes
208630,30,No
208631,9,No
208632,44,No
208633,30,No
208634,54,No
208635,56,No
208636,74,No
208637,50,No
208638,37,No
208639,27,No
208640,37,No
208641,57,Yes
208642,60,Yes
208643,63,Yes
208644,60,No
208645,50,Yes
208646,78,Yes
208647,19,No
208648,32,No
208649,43,No
208650,28,No
208651,67,Yes
208652,16,No
208653,26,No
208654,37,No
208655,27,No
208656,30,No
208657,33,No
208658,46,No
208659,48,No
208660,62,No
208661,75,Yes
208662,43,No
208663,39,No
208664,40,No
208665,82,Yes
208666,44,No
208667,83,Yes
208668,29,Yes
208669,48,Yes
208670,21,No
208671,23,No
208672,30,No
208673,58,No
208674,22,No
208675,0,No
208676,21,No
208677,40,No
208678,49,No
208679,59,No
208680,41,No
208681,29,Yes
208682,73,Yes
208683,82,Yes
208684,73,Yes
208685,17,No
208686,41,No
208687,45,No
208688,41,No
208689,20,No
208690,61,Yes
208691,24,No
208692,15,No
208693,63,Yes
208694,44,No
208695,74,Yes
208696,53,No
208697,91,Yes
208698,11,No
208699,39,No
208700,28,No
208701,10,No
208702,17,No
208703,47,No
208704,64,Yes
208705,67,Yes
208706,30,No
208707,19,No
208708,79,Yes
208709,56,Yes
208710,32,No
208711,48,No
208712,33,No
208713,57,No
208714,4,No
208715,35,No
208716,32,No
208717,58,No
208718,29,No
208719,65,Yes
208720,67,Yes
208721,47,No
208722,27,No
208723,49,No
208724,66,No
208725,86,Yes
208726,55,No
208727,28,No
208728,52,Yes
208729,52,Yes
208730,27,No
208731,40,No
208732,29,No
208733,52,No
208734,0,No
208735,79,Yes
208736,46,No
208737,35,No
208738,49,No
208739,62,Yes
208740,39,No
208741,36,No
208742,69,Yes
208743,63,Yes
208744,71,No
208745,35,No
208746,75,No
208747,49,No
208748,12,No
208749,30,No
208750,67,Yes
208751,51,No
208752,44,No
208753,55,Yes
208754,68,No
208755,66,No
208756,51,No
208757,24,No
208758,62,Yes
208759,17,No
208760,72,No
208761,61,Yes
208762,51,Yes
208763,33,No
208764,74,Yes
208765,59,Yes
208766,76,Yes
208767,25,No
208768,49,No
208769,46,No
208770,60,Yes
208771,41,Yes
208772,33,No
208773,61,Yes
208774,11,No
208775,46,No
208776,49,No
208777,85,Yes
208778,23,No
208779,70,Yes
208780,32,No
208781,62,No
208782,74,Yes
208783,11,No
208784,39,No
208785,32,No
208786,71,Yes
208787,40,No
208788,31,No
208789,39,No
208790,53,No
208791,78,Yes
208792,27,No
208793,47,No
208794,58,No
208795,15,No
208796,30,No
208797,85,Yes
208798,16,No
208799,52,No
208800,37,No
208801,62,Yes
208802,59,Yes
208803,24,No
208804,26,No
208805,84,Yes
208806,42,No
208807,51,No
208808,66,Yes
208809,46,Yes
208810,50,No
208811,43,No
208812,69,Yes
208813,34,No
208814,53,No
208815,71,Yes
208816,34,No
208817,51,No
208818,40,No
208819,16,No
208820,52,Yes
208821,73,Yes
208822,32,No
208823,46,No
208824,18,No
208825,52,No
208826,43,No
208827,54,No
208828,42,Yes
208829,39,No
208830,90,Yes
208831,52,No
208832,33,No
208833,35,No
208834,47,No
208835,54,No
208836,47,Yes
208837,53,No
208838,37,No
208839,4,No
208840,53,No
208841,59,Yes
208842,43,No
208843,48,No
208844,100,Yes
208845,35,No
208846,15,No
208847,6,No
208848,42,No
208849,45,No
208850,20,No
208851,84,Yes
208852,35,No
208853,32,No
208854,40,No
208855,30,No
208856,55,Yes
208857,75,Yes
208858,2,No
208859,48,No
208860,33,No
208861,76,Yes
208862,12,No
208863,61,Yes
208864,41,No
208865,54,Yes
208866,49,No
208867,43,Yes
208868,63,Yes
208869,38,No
208870,28,No
208871,74,Yes
208872,38,Yes
208873,56,No
208874,28,Yes
208875,51,No
208876,46,No
208877,43,No
208878,20,No
208879,77,Yes
208880,66,Yes
208881,84,Yes
208882,13,No
208883,68,Yes
208884,40,No
208885,73,Yes
208886,48,No
208887,16,No
208888,89,Yes
208889,60,No
208890,54,Yes
208891,46,Yes
208892,39,No
208893,62,Yes
208894,72,Yes
208895,30,No
208896,52,Yes
208897,24,No
208898,37,No
208899,11,No
208900,60,Yes
208901,58,No
208902,52,Yes
208903,77,Yes
208904,49,No
208905,82,Yes
208906,48,No
208907,40,Yes
208908,50,No
208909,92,Yes
208910,48,No
208911,13,No
208912,63,Yes
208913,97,Yes
208914,58,No
208915,46,No
208916,56,Yes
208917,43,No
208918,39,No
208919,100,Yes
208920,51,Yes
208921,51,No
208922,30,No
208923,23,No
208924,51,No
208925,21,Yes
208926,57,No
208927,87,Yes
208928,34,No
208929,52,No
208930,50,No
208931,55,No
208932,39,No
208933,26,No
208934,49,No
208935,51,No
208936,40,No
208937,18,No
208938,17,No
208939,39,No
208940,32,No
208941,53,No
208942,42,No
208943,40,No
208944,28,No
208945,55,No
208946,92,Yes
208947,46,No
208948,44,No
208949,91,Yes
208950,17,No
208951,37,No
208952,41,No
208953,42,No
208954,43,No
208955,43,No
208956,25,No
208957,100,Yes
208958,39,No
208959,38,No
208960,37,No
208961,29,No
208962,57,No
208963,37,No
208964,24,No
208965,57,No
208966,97,Yes
208967,42,Yes
208968,66,Yes
208969,27,No
208970,31,No
208971,12,No
208972,53,No
208973,9,No
208974,45,No
208975,19,No
208976,14,No
208977,76,No
208978,70,Yes
208979,31,No
208980,45,No
208981,52,No
208982,42,No
208983,70,Yes
208984,28,No
208985,60,Yes
208986,44,No
208987,29,No
208988,33,No
208989,11,No
208990,63,Yes
208991,45,No
208992,30,Yes
208993,20,No
208994,45,No
208995,25,No
208996,68,Yes
208997,19,No
208998,31,No
208999,36,No
209000,50,No
209001,48,No
209002,24,No
209003,29,No
209004,47,No
209005,15,No
209006,77,Yes
209007,17,No
209008,45,No
209009,43,Yes
209010,56,No
209011,20,No
209012,94,Yes
209013,59,Yes
209014,34,No
209015,28,No
209016,28,No
209017,13,No
209018,83,Yes
209019,56,No
209020,80,Yes
209021,43,No
209022,60,No
209023,49,No
209024,12,No
209025,48,No
209026,44,No
209027,67,Yes
209028,59,Yes
209029,41,Yes
209030,40,No
209031,9,No
209032,61,Yes
209033,41,No
209034,46,No
209035,19,No
209036,62,Yes
209037,62,No
209038,41,No
209039,66,Yes
209040,54,No
209041,74,Yes
209042,69,Yes
209043,35,No
209044,17,No
209045,71,Yes
209046,18,No
209047,44,No
209048,26,No
209049,48,Yes
209050,43,No
209051,33,No
209052,5,No
209053,51,No
209054,16,No
209055,42,No
209056,58,No
209057,65,Yes
209058,53,No
209059,56,Yes
209060,54,No
209061,6,No
209062,75,Yes
209063,71,Yes
209064,61,Yes
209065,52,No
209066,51,Yes
209067,26,No
209068,50,No
209069,80,Yes
209070,37,No
209071,55,Yes
209072,52,Yes
209073,34,No
209074,48,No
209075,35,Yes
209076,47,No
209077,55,No
209078,24,No
209079,65,No
209080,64,No
209081,55,Yes
209082,56,Yes
209083,59,Yes
209084,67,Yes
209085,59,Yes
209086,61,Yes
209087,26,No
209088,53,No
209089,47,No
209090,17,No
209091,58,No
209092,54,No
209093,17,No
209094,27,No
209095,63,Yes
209096,70,Yes
209097,61,No
209098,36,No
209099,73,Yes
209100,96,No
209101,51,No
209102,31,No
209103,82,Yes
209104,27,No
209105,7,No
209106,67,No
209107,45,No
209108,48,No
209109,39,Yes
209110,61,No
209111,50,No
209112,63,Yes
209113,34,No
209114,38,No
209115,18,No
209116,31,Yes
209117,69,No
209118,64,No
209119,41,Yes
209120,40,No
209121,18,No
209122,34,No
209123,32,Yes
209124,40,No
209125,45,No
209126,68,Yes
209127,59,No
209128,3,No
209129,66,Yes
209130,38,No
209131,39,No
209132,46,No
209133,35,No
209134,52,Yes
209135,52,No
209136,0,No
209137,32,No
209138,45,No
209139,36,No
209140,49,Yes
209141,55,No
209142,21,No
209143,39,No
209144,65,No
209145,51,Yes
209146,82,Yes
209147,72,Yes
209148,48,Yes
209149,34,No
209150,41,No
209151,18,No
209152,24,No
209153,37,Yes
209154,7,No
209155,20,No
209156,54,Yes
209157,27,No
209158,16,Yes
209159,72,Yes
209160,100,Yes
209161,31,No
209162,63,No
209163,51,No
209164,56,Yes
209165,19,No
209166,38,No
209167,12,No
209168,32,No
209169,87,Yes
209170,61,No
209171,22,No
209172,58,Yes
209173,27,No
209174,45,Yes
209175,55,Yes
209176,13,No
209177,41,Yes
209178,52,Yes
209179,48,No
209180,67,Yes
209181,46,Yes
209182,48,No
209183,29,No
209184,58,No
209185,47,No
209186,12,No
209187,16,No
209188,38,No
209189,42,No
209190,87,Yes
209191,39,No
209192,7,No
209193,53,No
209194,21,No
209195,8,No
209196,29,No
209197,71,Yes
209198,21,No
209199,5,No
209200,48,No
209201,67,Yes
209202,36,No
209203,53,No
209204,31,No
209205,58,Yes
209206,52,No
209207,45,Yes
209208,12,No
209209,36,No
209210,21,No
209211,43,No
209212,44,No
209213,26,No
209214,54,Yes
209215,59,No
209216,34,No
209217,57,No
209218,74,Yes
209219,47,No
209220,52,No
209221,93,Yes
209222,59,Yes
209223,70,Yes
209224,50,Yes
209225,31,No
209226,60,No
209227,57,Yes
209228,69,Yes
209229,41,No
209230,27,No
209231,29,No
209232,81,Yes
209233,78,Yes
209234,51,No
209235,53,No
209236,70,Yes
209237,48,No
209238,55,Yes
209239,36,No
209240,73,Yes
209241,41,No
209242,36,No
209243,60,Yes
209244,37,No
209245,41,No
209246,1,No
209247,26,No
209248,34,No
209249,42,No
209250,31,No
209251,22,No
209252,50,No
209253,59,No
209254,49,Yes
209255,67,No
209256,75,No
209257,27,No
209258,19,No
209259,39,No
209260,33,No
209261,45,No
209262,49,No
209263,72,Yes
209264,33,No
209265,52,No
209266,52,No
209267,32,No
209268,60,Yes
209269,25,No
209270,51,No
209271,57,Yes
209272,56,No
209273,35,No
209274,64,Yes
209275,22,No
209276,33,No
209277,63,No
209278,49,No
209279,8,No
209280,34,No
209281,55,No
209282,34,No
209283,78,Yes
209284,50,Yes
209285,24,No
209286,17,No
209287,61,No
209288,57,Yes
209289,55,Yes
209290,45,Yes
209291,40,No
209292,37,No
209293,38,Yes
209294,35,No
209295,45,Yes
209296,7,No
209297,22,No
209298,40,No
209299,54,Yes
209300,45,Yes
209301,45,Yes
209302,67,No
209303,75,Yes
209304,62,No
209305,41,No
209306,28,No
209307,37,No
209308,62,Yes
209309,55,Yes
209310,13,No
209311,57,Yes
209312,63,Yes
209313,67,Yes
209314,96,Yes
209315,10,No
209316,56,Yes
209317,28,No
209318,30,No
209319,36,No
209320,68,Yes
209321,15,No
209322,50,No
209323,20,No
209324,16,No
209325,57,Yes
209326,15,No
209327,68,Yes
209328,52,Yes
209329,49,No
209330,40,Yes
209331,67,No
209332,39,Yes
209333,70,Yes
209334,81,Yes
209335,44,No
209336,43,No
209337,9,No
209338,30,No
209339,47,Yes
209340,11,No
209341,27,No
209342,38,No
209343,52,No
209344,38,No
209345,37,No
209346,40,No
209347,38,No
209348,56,No
209349,59,Yes
209350,76,Yes
209351,22,No
209352,91,Yes
209353,63,No
209354,48,Yes
209355,47,No
209356,66,Yes
209357,28,No
209358,53,Yes
209359,11,No
209360,83,Yes
209361,72,Yes
209362,73,Yes
209363,63,No
209364,30,No
209365,40,No
209366,56,Yes
209367,24,No
209368,39,No
209369,14,No
209370,28,No
209371,63,No
209372,49,No
209373,49,Yes
209374,63,No
209375,38,No
209376,18,No
209377,68,Yes
209378,61,Yes
209379,56,No
209380,7,No
209381,60,Yes
209382,50,Yes
209383,26,No
209384,53,No
209385,28,No
209386,69,Yes
209387,40,Yes
209388,52,No
209389,59,No
209390,30,No
209391,43,No
209392,73,Yes
209393,43,No
209394,56,No
209395,30,No
209396,4,No
209397,34,No
209398,53,No
209399,40,No
209400,71,Yes
209401,52,No
209402,45,Yes
209403,36,Yes
209404,32,No
209405,37,No
209406,41,No
209407,31,Yes
209408,74,Yes
209409,57,No
209410,38,No
209411,59,No
209412,27,No
209413,47,No
209414,25,No
209415,50,No
209416,84,Yes
209417,71,Yes
209418,48,No
209419,57,No
209420,54,No
209421,51,No
209422,59,No
209423,54,Yes
209424,40,No
209425,42,Yes
209426,48,Yes
209427,23,No
209428,34,No
209429,66,Yes
209430,25,Yes
209431,39,No
209432,76,Yes
209433,49,Yes
209434,46,No
209435,36,No
209436,38,No
209437,29,No
209438,47,No
209439,40,No
209440,36,No
209441,92,Yes
209442,64,Yes
209443,48,Yes
209444,42,Yes
209445,53,No
209446,43,Yes
209447,62,Yes
209448,49,No
209449,61,Yes
209450,43,No
209451,81,Yes
209452,35,No
209453,36,No
209454,14,No
209455,45,No
209456,47,Yes
209457,64,Yes
209458,23,No
209459,56,No
209460,77,Yes
209461,64,Yes
209462,70,Yes
209463,81,Yes
209464,67,Yes
209465,40,No
209466,23,No
209467,61,Yes
209468,55,No
209469,91,Yes
209470,45,Yes
209471,62,No
209472,46,No
209473,49,No
209474,26,No
209475,50,No
209476,46,No
209477,26,No
209478,74,Yes
209479,32,No
209480,55,Yes
209481,33,Yes
209482,1,No
209483,49,No
209484,48,Yes
209485,37,No
209486,79,Yes
209487,58,Yes
209488,67,Yes
209489,58,No
209490,77,No
209491,11,No
209492,65,Yes
209493,11,No
209494,50,No
209495,51,Yes
209496,42,No
209497,45,No
209498,53,No
209499,39,No
209500,41,No
209501,72,Yes
209502,71,Yes
209503,64,Yes
209504,44,No
209505,18,No
209506,0,No
209507,80,Yes
209508,47,Yes
209509,64,Yes
209510,59,Yes
209511,33,No
209512,38,No
209513,50,No
209514,66,Yes
209515,15,No
209516,31,No
209517,60,No
209518,59,No
209519,24,No
209520,41,No
209521,41,No
209522,29,No
209523,70,No
209524,32,No
209525,37,No
209526,62,Yes
209527,100,Yes
209528,82,No
209529,53,No
209530,60,No
209531,47,No
209532,43,No
209533,70,Yes
209534,25,No
209535,70,Yes
209536,53,No
209537,29,No
209538,39,No
209539,40,No
209540,91,Yes
209541,28,No
209542,0,No
209543,8,No
209544,47,Yes
209545,48,Yes
209546,61,No
209547,36,No
209548,8,No
209549,21,No
209550,63,No
209551,64,Yes
209552,38,No
209553,26,No
209554,60,No
209555,72,Yes
209556,28,No
209557,100,Yes
209558,66,No
209559,28,No
209560,55,Yes
209561,30,No
209562,33,No
209563,60,No
209564,37,No
209565,33,No
209566,20,No
209567,66,Yes
209568,44,No
209569,10,No
209570,40,No
209571,40,No
209572,36,No
209573,10,No
209574,69,Yes
209575,35,No
209576,82,Yes
209577,49,No
209578,48,No
209579,65,Yes
209580,44,No
209581,48,No
209582,84,Yes
209583,63,Yes
209584,24,No
209585,69,No
209586,56,Yes
209587,5,No
209588,16,No
209589,91,Yes
209590,66,No
209591,62,Yes
209592,67,No
209593,37,No
209594,72,Yes
209595,52,No
209596,0,No
209597,57,Yes
209598,52,Yes
209599,39,No
209600,44,No
209601,49,Yes
209602,62,Yes
209603,67,Yes
209604,37,No
209605,56,No
209606,24,No
209607,65,Yes
209608,14,No
209609,47,Yes
209610,57,No
209611,69,Yes
209612,48,No
209613,40,No
209614,33,No
209615,36,No
209616,73,Yes
209617,30,No
209618,57,No
209619,61,No
209620,34,No
209621,43,No
209622,6,No
209623,43,No
209624,52,Yes
209625,53,Yes
209626,38,No
209627,100,Yes
209628,25,No
209629,49,No
209630,19,No
209631,64,Yes
209632,92,Yes
209633,90,Yes
209634,50,Yes
209635,47,No
209636,62,Yes
209637,43,No
209638,26,No
209639,59,Yes
209640,46,Yes
209641,41,No
209642,15,No
209643,31,Yes
209644,40,Yes
209645,53,Yes
209646,79,Yes
209647,38,Yes
209648,100,Yes
209649,57,No
209650,9,No
209651,53,No
209652,38,No
209653,19,No
209654,83,Yes
209655,57,Yes
209656,41,No
209657,36,No
209658,59,Yes
209659,61,Yes
209660,20,No
209661,18,No
209662,25,No
209663,3,No
209664,43,No
209665,34,No
209666,56,No
209667,19,No
209668,58,No
209669,34,No
209670,30,No
209671,1,No
209672,41,No
209673,39,No
209674,13,No
209675,73,Yes
209676,59,Yes
209677,83,Yes
209678,60,Yes
209679,30,No
209680,29,No
209681,40,No
209682,60,No
209683,51,No
209684,54,Yes
209685,38,No
209686,56,No
209687,20,No
209688,44,No
209689,37,No
209690,86,Yes
209691,66,No
209692,79,No
209693,58,No
209694,51,Yes
209695,79,Yes
209696,30,No
209697,46,No
209698,57,Yes
209699,48,No
209700,45,No
209701,9,No
209702,43,No
209703,57,No
209704,36,No
209705,96,Yes
209706,43,Yes
209707,61,No
209708,55,No
209709,33,No
209710,66,No
209711,66,Yes
209712,63,No
209713,36,No
209714,19,No
209715,63,No
209716,70,Yes
209717,44,No
209718,19,No
209719,47,No
209720,42,No
209721,35,No
209722,49,No
209723,28,No
209724,9,No
209725,38,No
209726,34,No
209727,34,Yes
209728,34,No
209729,50,No
209730,40,No
209731,44,No
209732,56,Yes
209733,30,No
209734,28,No
209735,37,No
209736,43,No
209737,47,Yes
209738,26,No
209739,33,No
209740,34,No
209741,70,Yes
209742,70,Yes
209743,10,No
209744,31,Yes
209745,54,No
209746,92,Yes
209747,15,No
209748,92,Yes
209749,4,No
209750,25,No
209751,30,No
209752,33,No
209753,16,No
209754,28,No
209755,28,No
209756,88,No
209757,69,Yes
209758,49,Yes
209759,20,No
209760,41,No
209761,32,No
209762,29,No
209763,58,No
209764,86,Yes
209765,44,No
209766,54,Yes
209767,41,No
209768,40,No
209769,54,No
209770,28,No
209771,19,No
209772,17,No
209773,72,No
209774,39,Yes
209775,35,No
209776,78,Yes
209777,18,No
209778,61,Yes
209779,50,No
209780,16,No
209781,40,No
209782,74,Yes
209783,89,Yes
209784,37,No
209785,34,No
209786,71,Yes
209787,76,Yes
209788,40,No
209789,49,Yes
209790,51,No
209791,38,No
209792,31,No
209793,17,No
209794,32,No
209795,19,No
209796,24,No
209797,21,No
209798,100,Yes
209799,35,Yes
209800,60,No
209801,46,No
209802,69,Yes
209803,44,No
209804,51,Yes
209805,26,Yes
209806,31,No
209807,51,No
209808,23,No
209809,62,Yes
209810,40,Yes
209811,34,No
209812,37,No
209813,21,No
209814,19,No
209815,72,Yes
209816,40,No
209817,43,No
209818,31,No
209819,48,No
209820,72,Yes
209821,29,No
209822,0,No
209823,24,No
209824,27,No
209825,25,No
209826,29,No
209827,48,No
209828,57,No
209829,63,Yes
209830,69,Yes
209831,52,Yes
209832,24,No
209833,59,Yes
209834,22,No
209835,28,No
209836,52,Yes
209837,29,No
209838,36,No
209839,49,No
209840,77,Yes
209841,0,No
209842,89,Yes
209843,43,No
209844,46,Yes
209845,0,No
209846,18,No
209847,65,No
209848,58,Yes
209849,39,Yes
209850,35,No
209851,49,No
209852,34,No
209853,44,No
209854,44,No
209855,56,No
209856,46,No
209857,49,Yes
209858,37,No
209859,44,No
209860,100,Yes
209861,33,No
209862,30,No
209863,76,Yes
209864,48,No
209865,66,No
209866,65,Yes
209867,79,Yes
209868,38,No
209869,43,No
209870,31,No
209871,89,Yes
209872,34,No
209873,34,No
209874,6,No
209875,32,No
209876,57,No
209877,29,No
209878,15,No
209879,40,Yes
209880,48,Yes
209881,4,No
209882,72,No
209883,47,Yes
209884,59,Yes
209885,23,No
209886,35,No
209887,81,Yes
209888,44,Yes
209889,41,No
209890,44,No
209891,69,Yes
209892,70,No
209893,20,No
209894,55,Yes
209895,13,No
209896,62,Yes
209897,49,Yes
209898,20,No
209899,29,No
209900,30,Yes
209901,66,No
209902,62,No
209903,29,No
209904,27,No
209905,18,No
209906,21,No
209907,23,No
209908,69,Yes
209909,67,Yes
209910,46,No
209911,40,No
209912,28,No
209913,24,No
209914,50,No
209915,34,No
209916,16,No
209917,4,No
209918,46,No
209919,37,No
209920,48,No
209921,12,No
209922,26,No
209923,53,No
209924,44,No
209925,57,Yes
209926,41,No
209927,18,No
209928,83,Yes
209929,37,No
209930,67,Yes
209931,38,No
209932,61,Yes
209933,15,No
209934,97,Yes
209935,35,No
209936,56,Yes
209937,49,No
209938,46,No
209939,37,No
209940,9,No
209941,40,No
209942,44,No
209943,35,No
209944,38,No
209945,0,No
209946,10,No
209947,65,Yes
209948,63,Yes
209949,47,Yes
209950,61,No
209951,18,No
209952,34,No
209953,38,No
209954,60,Yes
209955,31,No
209956,48,No
209957,38,Yes
209958,25,No
209959,44,Yes
209960,59,No
209961,56,Yes
209962,54,Yes
209963,13,Yes
209964,39,No
209965,35,No
209966,59,No
209967,53,No
209968,24,No
209969,55,Yes
209970,48,No
209971,48,No
209972,26,No
209973,38,No
209974,48,Yes
209975,85,Yes
209976,32,No
209977,38,No
209978,67,Yes
209979,51,No
209980,58,Yes
209981,68,Yes
209982,58,Yes
209983,65,Yes
209984,70,Yes
209985,32,Yes
209986,100,Yes
209987,35,No
209988,68,Yes
209989,76,No
209990,4,No
209991,24,No
209992,36,No
209993,52,Yes
209994,56,No
209995,64,No
209996,74,No
209997,25,No
209998,39,No
209999,26,No
210000,75,Yes
210001,23,No
210002,15,No
210003,63,Yes
210004,70,No
210005,2,No
210006,66,No
210007,40,No
210008,43,No
210009,30,No
210010,36,No
210011,6,No
210012,84,Yes
210013,45,No
210014,46,No
210015,11,No
210016,52,No
210017,89,No
210018,85,Yes
210019,19,No
210020,40,No
210021,40,No
210022,56,Yes
210023,68,No
210024,22,No
210025,66,Yes
210026,76,Yes
210027,59,No
210028,49,No
210029,55,Yes
210030,78,Yes
210031,24,No
210032,22,No
210033,43,Yes
210034,44,No
210035,37,No
210036,39,Yes
210037,77,Yes
210038,52,No
210039,46,No
210040,48,No
210041,51,No
210042,33,No
210043,20,No
210044,41,No
210045,72,Yes
210046,51,No
210047,80,Yes
210048,22,No
210049,22,No
210050,7,No
210051,60,Yes
210052,32,No
210053,50,Yes
210054,32,No
210055,33,No
210056,10,No
210057,34,No
210058,79,Yes
210059,58,No
210060,40,No
210061,0,No
210062,48,No
210063,17,No
210064,49,Yes
210065,35,Yes
210066,59,Yes
210067,2,No
210068,33,No
210069,29,No
210070,65,Yes
210071,49,No
210072,32,No
210073,61,Yes
210074,29,No
210075,77,Yes
210076,78,Yes
210077,40,No
210078,44,No
210079,31,No
210080,56,Yes
210081,61,No
210082,52,No
210083,43,No
210084,87,Yes
210085,61,Yes
210086,15,No
210087,56,No
210088,36,No
210089,11,No
210090,60,Yes
210091,75,No
210092,25,No
210093,26,No
210094,9,No
210095,70,Yes
210096,78,Yes
210097,43,Yes
210098,34,No
210099,40,No
210100,44,No
210101,53,Yes
210102,67,No
210103,70,Yes
210104,8,No
210105,57,No
210106,22,No
210107,31,No
210108,48,No
210109,36,No
210110,30,No
210111,72,Yes
210112,58,No
210113,29,No
210114,74,Yes
210115,55,Yes
210116,61,Yes
210117,48,No
210118,59,No
210119,36,No
210120,20,No
210121,51,No
210122,67,Yes
210123,47,Yes
210124,95,Yes
210125,52,Yes
210126,28,No
210127,94,Yes
210128,34,Yes
210129,85,Yes
210130,20,No
210131,35,Yes
210132,38,No
210133,69,Yes
210134,41,No
210135,47,Yes
210136,66,Yes
210137,41,No
210138,50,Yes
210139,58,Yes
210140,34,No
210141,30,No
210142,36,No
210143,27,No
210144,57,No
210145,60,No
210146,95,Yes
210147,25,No
210148,56,No
210149,15,No
210150,32,No
210151,55,No
210152,83,Yes
210153,72,Yes
210154,66,Yes
210155,40,No
210156,63,Yes
210157,79,Yes
210158,49,Yes
210159,38,Yes
210160,35,No
210161,100,Yes
210162,61,No
210163,11,No
210164,30,Yes
210165,57,Yes
210166,68,Yes
210167,64,Yes
210168,48,No
210169,38,No
210170,55,No
210171,21,No
210172,17,No
210173,53,No
210174,49,No
210175,35,No
210176,38,No
210177,64,Yes
210178,49,No
210179,100,Yes
210180,69,Yes
210181,66,No
210182,56,Yes
210183,32,No
210184,46,Yes
210185,44,No
210186,43,No
210187,59,No
210188,35,No
210189,51,No
210190,73,Yes
210191,71,Yes
210192,11,No
210193,45,No
210194,33,No
210195,21,No
210196,51,No
210197,49,Yes
210198,63,No
210199,59,No
210200,20,No
210201,73,Yes
210202,55,No
210203,45,Yes
210204,39,No
210205,64,No
210206,83,Yes
210207,39,No
210208,61,No
210209,12,No
210210,73,Yes
210211,45,No
210212,41,No
210213,31,No
210214,67,No
210215,7,No
210216,57,Yes
210217,56,Yes
210218,20,No
210219,65,Yes
210220,39,No
210221,38,No
210222,81,Yes
210223,52,No
210224,30,No
210225,72,Yes
210226,45,Yes
210227,47,Yes
210228,8,No
210229,68,Yes
210230,52,No
210231,28,No
210232,31,No
210233,36,Yes
210234,32,No
210235,43,No
210236,72,Yes
210237,14,No
210238,61,No
210239,14,No
210240,52,No
210241,39,No
210242,22,No
210243,69,Yes
210244,33,No
210245,54,No
210246,1,No
210247,27,No
210248,36,No
210249,39,No
210250,38,No
210251,44,No
210252,53,No
210253,25,No
210254,93,Yes
210255,57,No
210256,33,No
210257,49,No
210258,38,No
210259,37,No
210260,57,No
210261,45,No
210262,30,No
210263,48,No
210264,0,No
210265,48,No
210266,41,No
210267,56,No
210268,59,No
210269,28,No
210270,41,No
210271,89,Yes
210272,25,No
210273,44,No
210274,41,No
210275,83,Yes
210276,22,No
210277,73,Yes
210278,76,Yes
210279,62,Yes
210280,3,No
210281,52,Yes
210282,58,No
210283,78,No
210284,10,No
210285,25,No
210286,57,No
210287,60,Yes
210288,17,No
210289,57,No
210290,78,Yes
210291,42,No
210292,57,No
210293,88,Yes
210294,85,Yes
210295,66,Yes
210296,40,No
210297,71,Yes
210298,33,No
210299,61,Yes
210300,50,No
210301,31,Yes
210302,88,No
210303,42,No
210304,64,No
210305,86,Yes
210306,76,Yes
210307,20,No
210308,66,Yes
210309,36,Yes
210310,62,No
210311,37,No
210312,77,Yes
210313,31,No
210314,63,No
210315,25,No
210316,27,No
210317,57,No
210318,22,No
210319,54,No
210320,39,No
210321,67,Yes
210322,80,No
210323,48,No
210324,20,No
210325,67,Yes
210326,52,Yes
210327,67,Yes
210328,49,Yes
210329,61,No
210330,27,No
210331,30,Yes
210332,27,No
210333,32,No
210334,77,Yes
210335,53,No
210336,28,No
210337,59,Yes
210338,9,No
210339,52,No
210340,41,No
210341,47,No
210342,62,Yes
210343,35,No
210344,84,Yes
210345,14,No
210346,48,No
210347,57,No
210348,25,No
210349,23,No
210350,0,No
210351,40,No
210352,53,No
210353,76,Yes
210354,20,No
210355,55,No
210356,47,No
210357,7,No
210358,88,Yes
210359,62,No
210360,52,No
210361,64,Yes
210362,40,No
210363,61,Yes
210364,61,Yes
210365,91,Yes
210366,3,No
210367,26,No
210368,39,No
210369,21,No
210370,51,No
210371,52,Yes
210372,54,Yes
210373,35,No
210374,43,No
210375,8,No
210376,82,No
210377,65,No
210378,70,No
210379,53,No
210380,30,No
210381,56,Yes
210382,61,No
210383,39,No
210384,83,Yes
210385,68,No
210386,40,No
210387,74,Yes
210388,28,No
210389,36,No
210390,42,No
210391,61,Yes
210392,49,No
210393,71,Yes
210394,61,No
210395,25,No
210396,5,No
210397,45,No
210398,50,No
210399,59,Yes
210400,55,No
210401,76,Yes
210402,22,No
210403,34,No
210404,27,No
210405,39,No
210406,9,No
210407,27,No
210408,31,No
210409,58,Yes
210410,54,Yes
210411,59,Yes
210412,76,Yes
210413,34,No
210414,23,No
210415,24,No
210416,24,Yes
210417,51,Yes
210418,33,No
210419,36,No
210420,46,No
210421,17,No
210422,64,Yes
210423,52,No
210424,32,No
210425,24,No
210426,37,No
210427,20,No
210428,62,No
210429,44,No
210430,10,No
210431,41,No
210432,85,Yes
210433,64,Yes
210434,53,Yes
210435,59,Yes
210436,58,Yes
210437,48,No
210438,38,Yes
210439,23,No
210440,46,Yes
210441,46,No
210442,15,No
210443,65,Yes
210444,56,No
210445,10,No
210446,9,No
210447,26,No
210448,38,No
210449,38,No
210450,9,No
210451,49,No
210452,24,No
210453,77,Yes
210454,75,Yes
210455,70,Yes
210456,49,No
210457,48,No
210458,73,Yes
210459,45,No
210460,48,No
210461,45,No
210462,38,No
210463,51,No
210464,55,No
210465,69,Yes
210466,61,Yes
210467,69,Yes
210468,27,No
210469,18,No
210470,37,No
210471,64,Yes
210472,65,Yes
210473,60,No
210474,32,No
210475,74,Yes
210476,25,No
210477,79,Yes
210478,26,No
210479,71,No
210480,28,No
210481,27,No
210482,42,No
210483,25,No
210484,24,No
210485,27,No
210486,11,No
210487,62,Yes
210488,33,Yes
210489,49,Yes
210490,44,No
210491,62,Yes
210492,62,Yes
210493,68,No
210494,65,Yes
210495,53,Yes
210496,17,No
210497,45,No
210498,67,Yes
210499,39,No
210500,25,No
210501,38,No
210502,12,No
210503,73,Yes
210504,34,No
210505,27,No
210506,21,No
210507,59,Yes
210508,51,Yes
210509,14,No
210510,50,No
210511,60,Yes
210512,41,No
210513,72,Yes
210514,19,No
210515,35,No
210516,32,No
210517,49,No
210518,68,Yes
210519,23,No
210520,74,Yes
210521,52,Yes
210522,30,No
210523,38,No
210524,64,Yes
210525,33,No
210526,50,No
210527,45,No
210528,44,No
210529,27,No
210530,20,No
210531,41,No
210532,32,No
210533,38,No
210534,51,No
210535,16,No
210536,44,No
210537,46,No
210538,53,Yes
210539,78,Yes
210540,49,No
210541,33,No
210542,41,No
210543,36,No
210544,44,No
210545,37,No
210546,62,Yes
210547,51,No
210548,18,No
210549,25,No
210550,70,Yes
210551,26,No
210552,67,Yes
210553,34,No
210554,28,Yes
210555,72,Yes
210556,40,No
210557,40,No
210558,48,No
210559,21,No
210560,72,Yes
210561,48,No
210562,76,Yes
210563,58,No
210564,66,Yes
210565,37,No
210566,30,No
210567,35,Yes
210568,48,No
210569,38,No
210570,50,No
210571,49,No
210572,79,Yes
210573,73,Yes
210574,55,No
210575,27,No
210576,39,No
210577,12,No
210578,62,Yes
210579,13,No
210580,61,No
210581,62,Yes
210582,81,Yes
210583,35,No
210584,58,Yes
210585,54,No
210586,23,No
210587,38,No
210588,78,Yes
210589,33,No
210590,52,Yes
210591,63,Yes
210592,41,No
210593,50,No
210594,53,Yes
210595,71,Yes
210596,52,No
210597,20,No
210598,41,No
210599,42,No
210600,48,Yes
210601,23,No
210602,62,No
210603,29,No
210604,18,No
210605,23,No
210606,48,No
210607,34,No
210608,60,Yes
210609,37,No
210610,22,No
210611,99,Yes
210612,42,No
210613,32,No
210614,22,No
210615,67,No
210616,66,No
210617,34,Yes
210618,12,No
210619,57,No
210620,71,Yes
210621,38,No
210622,53,Yes
210623,14,No
210624,57,No
210625,53,Yes
210626,59,Yes
210627,11,No
210628,4,No
210629,57,No
210630,100,Yes
210631,79,Yes
210632,20,No
210633,57,No
210634,24,No
210635,78,Yes
210636,21,No
210637,25,No
210638,23,No
210639,50,No
210640,64,Yes
210641,22,No
210642,69,Yes
210643,19,No
210644,48,Yes
210645,61,No
210646,1,No
210647,28,No
210648,45,Yes
210649,57,No
210650,61,Yes
210651,59,No
210652,27,No
210653,94,Yes
210654,51,Yes
210655,19,No
210656,45,No
210657,31,No
210658,44,No
210659,46,Yes
210660,29,No
210661,22,No
210662,100,Yes
210663,34,No
210664,42,No
210665,34,No
210666,55,No
210667,26,No
210668,78,Yes
210669,64,No
210670,53,Yes
210671,14,No
210672,84,Yes
210673,73,Yes
210674,18,No
210675,70,Yes
210676,42,No
210677,26,No
210678,48,No
210679,100,Yes
210680,42,Yes
210681,43,Yes
210682,66,Yes
210683,32,No
210684,21,No
210685,27,No
210686,21,No
210687,10,No
210688,39,No
210689,53,No
210690,59,No
210691,44,No
210692,51,No
210693,12,No
210694,23,No
210695,54,Yes
210696,28,No
210697,30,No
210698,31,No
210699,67,Yes
210700,31,No
210701,63,Yes
210702,60,No
210703,54,Yes
210704,68,Yes
210705,24,No
210706,30,No
210707,43,No
210708,29,No
210709,46,Yes
210710,28,No
210711,40,No
210712,42,No
210713,29,No
210714,39,No
210715,2,No
210716,37,No
210717,29,No
210718,40,Yes
210719,81,Yes
210720,70,Yes
210721,51,Yes
210722,15,No
210723,26,No
210724,83,Yes
210725,65,Yes
210726,73,No
210727,25,No
210728,31,No
210729,35,No
210730,78,Yes
210731,38,No
210732,44,No
210733,48,No
210734,42,No
210735,22,No
210736,33,No
210737,55,Yes
210738,12,No
210739,20,No
210740,43,No
210741,70,Yes
210742,26,No
210743,26,No
210744,34,No
210745,57,No
210746,68,Yes
210747,19,No
210748,61,No
210749,63,No
210750,0,No
210751,72,No
210752,39,No
210753,11,No
210754,49,Yes
210755,54,No
210756,54,No
210757,48,Yes
210758,53,Yes
210759,16,No
210760,36,No
210761,37,No
210762,53,Yes
210763,91,Yes
210764,88,Yes
210765,47,No
210766,62,No
210767,27,No
210768,51,No
210769,73,Yes
210770,60,Yes
210771,59,No
210772,67,Yes
210773,40,No
210774,36,No
210775,75,No
210776,34,No
210777,36,No
210778,16,No
210779,48,No
210780,38,No
210781,36,No
210782,52,No
210783,67,No
210784,49,Yes
210785,48,No
210786,44,No
210787,78,Yes
210788,43,Yes
210789,74,Yes
210790,26,No
210791,81,Yes
210792,37,No
210793,40,Yes
210794,44,No
210795,65,Yes
210796,23,No
210797,86,Yes
210798,19,No
210799,29,No
210800,78,Yes
210801,84,Yes
210802,18,No
210803,13,No
210804,38,No
210805,31,No
210806,70,No
210807,32,No
210808,46,No
210809,42,No
210810,39,No
210811,31,No
210812,55,No
210813,68,Yes
210814,78,No
210815,22,No
210816,37,Yes
210817,45,No
210818,55,No
210819,45,Yes
210820,61,Yes
210821,21,No
210822,63,Yes
210823,30,No
210824,37,No
210825,63,Yes
210826,26,No
210827,56,Yes
210828,57,Yes
210829,37,No
210830,55,No
210831,51,No
210832,50,No
210833,57,No
210834,33,No
210835,52,Yes
210836,46,No
210837,56,Yes
210838,29,No
210839,55,No
210840,57,No
210841,15,No
210842,24,No
210843,30,No
210844,48,No
210845,36,No
210846,49,No
210847,62,Yes
210848,36,Yes
210849,64,Yes
210850,54,No
210851,0,No
210852,64,No
210853,57,Yes
210854,46,No
210855,55,Yes
210856,16,No
210857,53,Yes
210858,32,No
210859,54,No
210860,8,No
210861,41,No
210862,54,Yes
210863,30,No
210864,68,Yes
210865,7,No
210866,61,Yes
210867,39,No
210868,88,Yes
210869,63,Yes
210870,24,No
210871,0,No
210872,38,No
210873,63,No
210874,0,No
210875,42,No
210876,39,No
210877,20,No
210878,48,No
210879,60,Yes
210880,17,No
210881,32,No
210882,74,Yes
210883,85,Yes
210884,81,Yes
210885,47,No
210886,59,No
210887,53,No
210888,51,No
210889,55,No
210890,81,Yes
210891,0,No
210892,49,No
210893,72,No
210894,55,No
210895,16,No
210896,22,No
210897,54,No
210898,17,No
210899,59,No
210900,63,Yes
210901,72,Yes
210902,59,Yes
210903,100,Yes
210904,33,No
210905,36,No
210906,32,No
210907,37,No
210908,39,No
210909,27,No
210910,48,No
210911,44,No
210912,53,No
210913,41,No
210914,42,No
210915,55,Yes
210916,72,Yes
210917,40,No
210918,53,No
210919,54,No
210920,29,No
210921,70,Yes
210922,37,Yes
210923,24,No
210924,22,No
210925,27,No
210926,45,No
210927,32,No
210928,42,No
210929,37,No
210930,88,Yes
210931,36,No
210932,71,Yes
210933,3,No
210934,45,No
210935,38,Yes
210936,19,No
210937,56,No
210938,41,No
210939,50,No
210940,29,No
210941,26,No
210942,11,No
210943,65,Yes
210944,13,No
210945,21,No
210946,88,Yes
210947,68,Yes
210948,45,No
210949,44,No
210950,27,No
210951,31,No
210952,26,No
210953,29,No
210954,79,Yes
210955,36,No
210956,63,No
210957,84,Yes
210958,15,No
210959,96,Yes
210960,49,No
210961,39,No
210962,51,No
210963,15,No
210964,37,No
210965,27,No
210966,6,No
210967,55,No
210968,27,No
210969,26,No
210970,46,No
210971,100,Yes
210972,41,No
210973,26,No
210974,29,No
210975,29,No
210976,42,No
210977,45,No
210978,44,Yes
210979,54,No
210980,52,No
210981,53,No
210982,62,No
210983,52,Yes
210984,47,Yes
210985,41,No
210986,56,Yes
210987,34,No
210988,68,No
210989,70,Yes
210990,51,Yes
210991,22,No
210992,33,No
210993,52,No
210994,56,Yes
210995,38,No
210996,52,No
210997,66,No
210998,38,No
210999,28,No
211000,10,No
211001,33,No
211002,46,Yes
211003,37,No
211004,40,No
211005,16,No
211006,34,No
211007,41,No
211008,69,No
211009,34,No
211010,63,Yes
211011,17,No
211012,64,Yes
211013,84,Yes
211014,58,Yes
211015,32,No
211016,19,No
211017,2,No
211018,48,No
211019,0,No
211020,16,No
211021,91,Yes
211022,39,No
211023,77,Yes
211024,80,Yes
211025,30,No
211026,69,Yes
211027,0,No
211028,50,Yes
211029,30,No
211030,49,No
211031,33,No
211032,88,Yes
211033,7,No
211034,38,No
211035,48,Yes
211036,39,No
211037,58,No
211038,36,No
211039,25,No
211040,34,No
211041,19,No
211042,37,No
211043,57,No
211044,53,Yes
211045,35,No
211046,44,No
211047,56,Yes
211048,36,Yes
211049,32,No
211050,16,No
211051,34,No
211052,62,No
211053,35,No
211054,15,No
211055,81,Yes
211056,30,No
211057,86,Yes
211058,70,Yes
211059,36,No
211060,53,No
211061,60,No
211062,68,Yes
211063,39,No
211064,35,No
211065,49,No
211066,61,Yes
211067,67,Yes
211068,34,No
211069,61,Yes
211070,48,Yes
211071,50,No
211072,50,No
211073,36,No
211074,83,Yes
211075,65,Yes
211076,56,Yes
211077,26,No
211078,41,No
211079,24,No
211080,45,No
211081,67,Yes
211082,42,No
211083,45,No
211084,57,Yes
211085,33,No
211086,24,No
211087,61,No
211088,23,No
211089,92,Yes
211090,50,Yes
211091,81,Yes
211092,31,No
211093,28,No
211094,57,No
211095,39,No
211096,56,No
211097,52,No
211098,63,Yes
211099,84,Yes
211100,53,No
211101,76,Yes
211102,51,No
211103,63,No
211104,26,No
211105,74,No
211106,33,Yes
211107,43,Yes
211108,72,Yes
211109,68,Yes
211110,23,No
211111,23,No
211112,74,Yes
211113,26,No
211114,43,No
211115,53,No
211116,22,No
211117,40,No
211118,12,No
211119,60,Yes
211120,73,Yes
211121,77,Yes
211122,28,No
211123,77,Yes
211124,53,Yes
211125,28,No
211126,48,Yes
211127,100,Yes
211128,23,No
211129,29,No
211130,66,Yes
211131,41,No
211132,26,No
211133,47,Yes
211134,98,Yes
211135,78,Yes
211136,38,No
211137,78,Yes
211138,63,No
211139,61,No
211140,49,Yes
211141,40,Yes
211142,40,No
211143,56,No
211144,31,No
211145,35,No
211146,27,No
211147,60,No
211148,7,No
211149,72,Yes
211150,46,Yes
211151,88,Yes
211152,51,No
211153,31,No
211154,12,No
211155,54,Yes
211156,69,No
211157,79,Yes
211158,40,No
211159,33,No
211160,39,No
211161,60,Yes
211162,25,No
211163,42,No
211164,44,No
211165,36,No
211166,47,No
211167,0,No
211168,50,No
211169,56,No
211170,66,Yes
211171,51,No
211172,62,No
211173,47,No
211174,39,No
211175,31,No
211176,56,No
211177,57,Yes
211178,70,Yes
211179,78,No
211180,17,No
211181,81,Yes
211182,47,No
211183,46,Yes
211184,30,No
211185,19,Yes
211186,77,Yes
211187,42,No
211188,14,No
211189,74,Yes
211190,16,No
211191,31,No
211192,7,No
211193,38,No
211194,29,No
211195,67,Yes
211196,49,No
211197,100,Yes
211198,19,No
211199,19,No
211200,59,Yes
211201,24,No
211202,49,No
211203,28,No
211204,65,Yes
211205,22,No
211206,48,No
211207,40,No
211208,51,Yes
211209,7,No
211210,57,No
211211,55,Yes
211212,28,No
211213,59,No
211214,68,Yes
211215,31,No
211216,60,No
211217,44,No
211218,37,Yes
211219,63,Yes
211220,61,No
211221,30,No
211222,54,No
211223,68,Yes
211224,16,No
211225,36,No
211226,50,No
211227,44,No
211228,87,Yes
211229,1,No
211230,69,Yes
211231,75,Yes
211232,13,No
211233,39,No
211234,66,Yes
211235,53,Yes
211236,50,No
211237,42,Yes
211238,54,No
211239,61,No
211240,54,No
211241,52,Yes
211242,63,Yes
211243,33,No
211244,24,No
211245,57,No
211246,61,No
211247,18,No
211248,70,Yes
211249,44,Yes
211250,50,No
211251,62,Yes
211252,22,No
211253,64,Yes
211254,42,Yes
211255,73,No
211256,20,No
211257,56,Yes
211258,51,Yes
211259,32,No
211260,39,No
211261,64,Yes
211262,26,Yes
211263,34,No
211264,61,Yes
211265,49,No
211266,50,No
211267,58,No
211268,69,Yes
211269,28,No
211270,47,No
211271,2,No
211272,48,Yes
211273,27,No
211274,33,No
211275,53,Yes
211276,52,No
211277,64,Yes
211278,31,No
211279,43,No
211280,48,No
211281,99,Yes
211282,38,No
211283,68,Yes
211284,15,No
211285,15,No
211286,6,No
211287,57,No
211288,33,No
211289,68,Yes
211290,79,Yes
211291,50,Yes
211292,34,No
211293,93,Yes
211294,26,No
211295,58,Yes
211296,32,No
211297,27,No
211298,30,No
211299,17,No
211300,60,No
211301,47,No
211302,28,No
211303,54,Yes
211304,36,No
211305,74,Yes
211306,8,No
211307,57,No
211308,40,No
211309,10,No
211310,37,No
211311,28,No
211312,18,No
211313,32,No
211314,28,No
211315,57,No
211316,34,No
211317,48,No
211318,71,Yes
211319,23,No
211320,54,No
211321,40,Yes
211322,41,No
211323,55,No
211324,0,No
211325,51,Yes
211326,27,No
211327,35,No
211328,14,No
211329,15,No
211330,36,No
211331,28,No
211332,70,Yes
211333,97,Yes
211334,10,No
211335,36,No
211336,61,Yes
211337,28,No
211338,50,No
211339,23,No
211340,53,No
211341,42,No
211342,57,No
211343,37,No
211344,32,No
211345,70,Yes
211346,73,Yes
211347,35,No
211348,58,Yes
211349,53,Yes
211350,34,No
211351,42,No
211352,32,No
211353,79,Yes
211354,47,No
211355,56,Yes
211356,49,No
211357,43,No
211358,58,Yes
211359,42,No
211360,51,No
211361,47,No
211362,58,No
211363,2,No
211364,65,Yes
211365,56,No
211366,43,No
211367,44,No
211368,35,No
211369,81,Yes
211370,53,No
211371,45,No
211372,50,No
211373,44,Yes
211374,65,No
211375,24,No
211376,82,Yes
211377,61,No
211378,42,Yes
211379,11,No
211380,81,Yes
211381,42,Yes
211382,58,Yes
211383,57,No
211384,61,No
211385,37,No
211386,56,No
211387,67,Yes
211388,35,Yes
211389,42,No
211390,39,Yes
211391,31,No
211392,56,No
211393,19,No
211394,65,Yes
211395,45,No
211396,33,No
211397,61,No
211398,46,No
211399,0,No
211400,77,Yes
211401,23,No
211402,66,Yes
211403,68,Yes
211404,100,Yes
211405,61,No
211406,39,Yes
211407,46,No
211408,62,Yes
211409,27,No
211410,51,Yes
211411,33,No
211412,29,No
211413,57,Yes
211414,79,Yes
211415,51,No
211416,30,No
211417,52,Yes
211418,67,Yes
211419,23,No
211420,8,No
211421,43,No
211422,23,No
211423,33,No
211424,15,No
211425,60,Yes
211426,73,Yes
211427,68,No
211428,91,Yes
211429,48,No
211430,48,No
211431,40,Yes
211432,65,No
211433,35,Yes
211434,39,No
211435,31,No
211436,45,No
211437,4,No
211438,70,Yes
211439,18,No
211440,56,Yes
211441,60,Yes
211442,31,No
211443,68,Yes
211444,40,No
211445,43,No
211446,97,Yes
211447,20,No
211448,32,No
211449,23,No
211450,28,No
211451,30,No
211452,23,No
211453,34,No
211454,100,Yes
211455,50,No
211456,30,No
211457,27,No
211458,29,No
211459,55,Yes
211460,69,Yes
211461,13,No
211462,40,No
211463,3,No
211464,39,Yes
211465,55,No
211466,40,No
211467,5,No
211468,99,Yes
211469,41,No
211470,25,No
211471,34,No
211472,60,Yes
211473,72,Yes
211474,7,No
211475,35,No
211476,48,No
211477,24,No
211478,60,Yes
211479,54,Yes
211480,23,No
211481,44,No
211482,79,Yes
211483,67,Yes
211484,70,Yes
211485,49,No
211486,50,No
211487,51,No
211488,57,Yes
211489,38,No
211490,64,Yes
211491,37,No
211492,84,Yes
211493,72,Yes
211494,30,No
211495,79,Yes
211496,52,No
211497,38,Yes
211498,41,No
211499,53,No
211500,7,No
211501,27,No
211502,5,No
211503,8,No
211504,41,No
211505,62,Yes
211506,0,No
211507,48,No
211508,58,No
211509,19,No
211510,55,No
211511,37,No
211512,26,No
211513,49,No
211514,40,No
211515,73,Yes
211516,58,Yes
211517,28,No
211518,13,No
211519,57,No
211520,58,Yes
211521,41,No
211522,61,Yes
211523,30,No
211524,96,Yes
211525,76,Yes
211526,24,No
211527,26,Yes
211528,49,No
211529,58,Yes
211530,37,No
211531,90,Yes
211532,38,No
211533,46,No
211534,32,No
211535,100,Yes
211536,39,No
211537,63,Yes
211538,55,Yes
211539,35,No
211540,19,No
211541,57,No
211542,49,No
211543,42,No
211544,28,No
211545,54,No
211546,27,No
211547,74,Yes
211548,38,No
211549,77,Yes
211550,28,No
211551,58,Yes
211552,64,Yes
211553,54,No
211554,41,No
211555,69,Yes
211556,77,Yes
211557,74,No
211558,47,No
211559,69,Yes
211560,52,No
211561,26,No
211562,47,No
211563,27,Yes
211564,66,Yes
211565,31,No
211566,68,No
211567,36,Yes
211568,19,No
211569,24,No
211570,51,No
211571,43,No
211572,61,Yes
211573,52,No
211574,60,No
211575,19,No
211576,0,No
211577,21,No
211578,43,Yes
211579,50,No
211580,48,No
211581,20,No
211582,10,No
211583,57,Yes
211584,62,Yes
211585,14,No
211586,55,Yes
211587,30,No
211588,33,No
211589,45,No
211590,14,No
211591,66,Yes
211592,15,No
211593,39,No
211594,15,No
211595,41,No
211596,49,Yes
211597,49,No
211598,62,No
211599,46,No
211600,81,Yes
211601,28,No
211602,100,Yes
211603,47,No
211604,69,Yes
211605,72,Yes
211606,56,Yes
211607,44,No
211608,73,Yes
211609,34,No
211610,71,Yes
211611,31,Yes
211612,36,No
211613,31,No
211614,87,No
211615,52,No
211616,74,Yes
211617,50,Yes
211618,73,Yes
211619,77,Yes
211620,34,No
211621,53,No
211622,35,No
211623,54,Yes
211624,63,No
211625,42,No
211626,28,No
211627,9,No
211628,52,No
211629,77,Yes
211630,85,Yes
211631,29,No
211632,64,Yes
211633,52,No
211634,90,Yes
211635,11,No
211636,46,No
211637,20,No
211638,77,Yes
211639,7,No
211640,69,Yes
211641,32,No
211642,41,No
211643,85,Yes
211644,37,No
211645,51,No
211646,61,Yes
211647,52,Yes
211648,61,Yes
211649,45,No
211650,41,No
211651,51,No
211652,32,No
211653,35,No
211654,67,Yes
211655,40,No
211656,80,Yes
211657,16,No
211658,90,Yes
211659,32,No
211660,35,Yes
211661,35,No
211662,34,No
211663,32,No
211664,55,No
211665,80,Yes
211666,43,Yes
211667,36,No
211668,45,No
211669,58,No
211670,44,No
211671,57,Yes
211672,94,Yes
211673,26,No
211674,46,No
211675,43,No
211676,35,Yes
211677,61,No
211678,66,Yes
211679,29,No
211680,63,No
211681,59,No
211682,54,No
211683,58,No
211684,25,No
211685,36,No
211686,100,Yes
211687,73,Yes
211688,33,No
211689,50,Yes
211690,35,No
211691,42,No
211692,75,Yes
211693,5,No
211694,37,No
211695,75,No
211696,33,No
211697,35,No
211698,47,No
211699,70,Yes
211700,42,No
211701,59,No
211702,75,Yes
211703,62,Yes
211704,39,No
211705,28,No
211706,30,No
211707,24,No
211708,24,No
211709,41,Yes
211710,23,No
211711,45,No
211712,43,Yes
211713,31,No
211714,37,No
211715,57,Yes
211716,30,No
211717,16,No
211718,42,No
211719,8,No
211720,49,Yes
211721,58,No
211722,65,Yes
211723,70,No
211724,38,No
211725,57,No
211726,73,Yes
211727,57,No
211728,17,No
211729,19,No
211730,55,No
211731,85,Yes
211732,40,No
211733,89,Yes
211734,46,No
211735,26,No
211736,20,No
211737,80,Yes
211738,64,Yes
211739,31,No
211740,100,Yes
211741,47,No
211742,43,No
211743,46,Yes
211744,39,Yes
211745,49,No
211746,66,Yes
211747,41,No
211748,72,Yes
211749,21,No
211750,52,No
211751,83,Yes
211752,61,Yes
211753,55,No
211754,53,Yes
211755,59,No
211756,49,No
211757,50,Yes
211758,51,No
211759,44,No
211760,49,No
211761,55,No
211762,10,No
211763,74,No
211764,37,No
211765,55,No
211766,100,Yes
211767,16,No
211768,27,No
211769,73,No
211770,45,Yes
211771,69,Yes
211772,44,No
211773,65,Yes
211774,51,Yes
211775,48,No
211776,16,No
211777,41,No
211778,80,No
211779,39,No
211780,91,Yes
211781,55,No
211782,30,No
211783,54,No
211784,0,No
211785,72,Yes
211786,34,No
211787,29,No
211788,72,No
211789,54,No
211790,67,Yes
211791,63,Yes
211792,69,No
211793,42,Yes
211794,21,No
211795,45,No
211796,34,No
211797,20,No
211798,43,No
211799,45,No
211800,37,No
211801,55,Yes
211802,6,No
211803,26,No
211804,3,No
211805,39,No
211806,32,No
211807,12,Yes
211808,23,No
211809,29,Yes
211810,33,No
211811,67,Yes
211812,5,No
211813,58,No
211814,40,No
211815,29,Yes
211816,62,No
211817,54,No
211818,15,No
211819,67,No
211820,35,No
211821,0,No
211822,32,No
211823,30,No
211824,52,No
211825,31,No
211826,42,No
211827,38,No
211828,83,Yes
211829,17,No
211830,38,Yes
211831,69,Yes
211832,52,No
211833,54,No
211834,60,No
211835,64,No
211836,76,No
211837,34,No
211838,0,No
211839,31,No
211840,14,No
211841,70,Yes
211842,89,Yes
211843,70,No
211844,63,Yes
211845,47,No
211846,59,Yes
211847,53,Yes
211848,24,No
211849,91,Yes
211850,40,No
211851,80,No
211852,46,No
211853,50,No
211854,33,Yes
211855,45,No
211856,49,No
211857,36,No
211858,50,No
211859,24,No
211860,52,Yes
211861,20,No
211862,65,Yes
211863,65,Yes
211864,43,No
211865,8,No
211866,50,Yes
211867,69,Yes
211868,95,Yes
211869,26,No
211870,67,Yes
211871,45,No
211872,34,No
211873,31,No
211874,37,No
211875,42,Yes
211876,13,No
211877,23,No
211878,90,Yes
211879,53,No
211880,37,No
211881,24,No
211882,69,No
211883,51,No
211884,47,No
211885,44,No
211886,48,No
211887,67,Yes
211888,66,No
211889,26,No
211890,49,Yes
211891,21,No
211892,40,No
211893,57,No
211894,60,Yes
211895,40,Yes
211896,39,No
211897,61,Yes
211898,57,No
211899,60,Yes
211900,75,No
211901,71,Yes
211902,44,Yes
211903,10,No
211904,59,Yes
211905,76,Yes
211906,53,No
211907,4,No
211908,63,No
211909,28,No
211910,36,No
211911,51,Yes
211912,67,Yes
211913,60,Yes
211914,9,No
211915,80,Yes
211916,48,No
211917,37,No
211918,48,No
211919,39,No
211920,63,No
211921,44,No
211922,26,No
211923,11,No
211924,67,Yes
211925,57,No
211926,91,Yes
211927,71,Yes
211928,32,No
211929,24,No
211930,27,No
211931,23,No
211932,13,No
211933,41,No
211934,15,No
211935,98,Yes
211936,52,No
211937,38,No
211938,41,No
211939,44,No
211940,54,No
211941,37,No
211942,55,No
211943,68,Yes
211944,66,No
211945,29,Yes
211946,56,Yes
211947,40,No
211948,51,No
211949,24,No
211950,38,No
211951,38,No
211952,66,No
211953,58,Yes
211954,21,No
211955,55,No
211956,49,No
211957,11,No
211958,0,No
211959,62,Yes
211960,30,No
211961,57,No
211962,60,No
211963,9,No
211964,99,Yes
211965,46,Yes
211966,48,No
211967,40,No
211968,54,No
211969,73,Yes
211970,28,No
211971,79,Yes
211972,55,Yes
211973,32,No
211974,29,No
211975,29,No
211976,40,No
211977,17,No
211978,67,Yes
211979,61,No
211980,13,No
211981,73,No
211982,67,No
211983,45,No
211984,35,No
211985,25,No
211986,31,Yes
211987,51,No
211988,57,Yes
211989,8,No
211990,22,No
211991,57,Yes
211992,73,Yes
211993,50,No
211994,22,No
211995,49,No
211996,35,No
211997,18,No
211998,48,No
211999,38,No
212000,31,No
212001,59,Yes
212002,65,Yes
212003,68,Yes
212004,60,Yes
212005,66,No
212006,39,No
212007,47,No
212008,59,Yes
212009,56,Yes
212010,44,No
212011,19,No
212012,76,Yes
212013,15,No
212014,40,No
212015,70,No
212016,11,No
212017,24,No
212018,54,Yes
212019,18,No
212020,80,No
212021,30,No
212022,44,No
212023,29,No
212024,67,Yes
212025,23,No
212026,33,No
212027,82,Yes
212028,90,Yes
212029,40,No
212030,57,Yes
212031,43,Yes
212032,64,No
212033,25,No
212034,72,Yes
212035,36,No
212036,33,No
212037,42,No
212038,51,No
212039,20,No
212040,64,Yes
212041,95,Yes
212042,100,Yes
212043,75,Yes
212044,57,Yes
212045,31,No
212046,38,No
212047,46,No
212048,40,Yes
212049,67,Yes
212050,71,Yes
212051,53,No
212052,63,Yes
212053,72,Yes
212054,39,No
212055,64,Yes
212056,48,No
212057,48,Yes
212058,51,No
212059,18,No
212060,61,No
212061,45,No
212062,52,No
212063,70,Yes
212064,42,No
212065,36,Yes
212066,50,Yes
212067,83,Yes
212068,28,No
212069,82,Yes
212070,12,No
212071,74,Yes
212072,99,Yes
212073,40,Yes
212074,57,Yes
212075,23,No
212076,23,No
212077,59,No
212078,81,Yes
212079,20,No
212080,64,No
212081,46,No
212082,36,Yes
212083,23,No
212084,83,Yes
212085,78,Yes
212086,40,No
212087,35,No
212088,70,Yes
212089,47,No
212090,51,No
212091,33,No
212092,35,No
212093,34,No
212094,57,No
212095,35,Yes
212096,44,No
212097,59,Yes
212098,17,No
212099,61,Yes
212100,28,No
212101,52,No
212102,31,No
212103,67,No
212104,72,Yes
212105,23,No
212106,49,Yes
212107,67,Yes
212108,33,No
212109,57,Yes
212110,33,No
212111,53,No
212112,89,Yes
212113,50,No
212114,21,No
212115,25,No
212116,0,No
212117,55,Yes
212118,16,No
212119,68,Yes
212120,54,Yes
212121,85,Yes
212122,60,No
212123,38,No
212124,10,No
212125,73,Yes
212126,59,Yes
212127,62,Yes
212128,27,No
212129,41,No
212130,36,Yes
212131,54,No
212132,72,Yes
212133,22,No
212134,26,No
212135,18,No
212136,68,No
212137,9,No
212138,41,No
212139,51,No
212140,19,No
212141,32,No
212142,68,Yes
212143,13,No
212144,34,Yes
212145,63,Yes
212146,34,No
212147,64,Yes
212148,53,No
212149,49,No
212150,44,No
212151,48,Yes
212152,87,Yes
212153,47,Yes
212154,44,No
212155,13,No
212156,37,No
212157,44,No
212158,54,Yes
212159,14,No
212160,39,No
212161,12,No
212162,32,No
212163,39,No
212164,19,Yes
212165,42,Yes
212166,44,No
212167,88,Yes
212168,69,Yes
212169,52,Yes
212170,47,No
212171,24,No
212172,71,Yes
212173,29,No
212174,50,No
212175,69,Yes
212176,69,Yes
212177,38,No
212178,64,Yes
212179,59,No
212180,50,No
212181,36,No
212182,29,No
212183,37,No
212184,50,Yes
212185,60,No
212186,56,Yes
212187,44,No
212188,46,No
212189,16,No
212190,4,No
212191,51,Yes
212192,36,No
212193,33,No
212194,17,No
212195,51,Yes
212196,33,No
212197,59,Yes
212198,31,No
212199,32,No
212200,26,No
212201,35,No
212202,25,No
212203,57,Yes
212204,48,No
212205,79,Yes
212206,23,No
212207,51,No
212208,53,No
212209,62,No
212210,41,No
212211,66,Yes
212212,49,No
212213,67,No
212214,40,No
212215,57,No
212216,53,No
212217,58,No
212218,54,No
212219,46,Yes
212220,83,Yes
212221,38,No
212222,32,No
212223,14,Yes
212224,57,Yes
212225,54,No
212226,69,No
212227,59,No
212228,39,No
212229,30,No
212230,77,Yes
212231,12,No
212232,40,Yes
212233,58,Yes
212234,45,No
212235,54,No
212236,53,Yes
212237,54,No
212238,9,No
212239,32,No
212240,86,Yes
212241,58,Yes
212242,54,No
212243,42,No
212244,21,No
212245,55,Yes
212246,53,No
212247,48,No
212248,38,No
212249,41,No
212250,56,No
212251,49,Yes
212252,38,No
212253,73,No
212254,59,No
212255,59,No
212256,17,Yes
212257,40,No
212258,69,Yes
212259,34,No
212260,59,Yes
212261,11,No
212262,50,No
212263,18,No
212264,50,No
212265,63,Yes
212266,56,No
212267,27,No
212268,75,No
212269,37,No
212270,54,Yes
212271,38,No
212272,85,Yes
212273,61,No
212274,8,No
212275,49,No
212276,23,No
212277,50,No
212278,70,No
212279,33,No
212280,56,Yes
212281,14,No
212282,59,Yes
212283,68,No
212284,46,No
212285,46,Yes
212286,63,Yes
212287,41,Yes
212288,27,No
212289,78,Yes
212290,55,Yes
212291,29,No
212292,34,No
212293,22,No
212294,26,No
212295,30,No
212296,60,Yes
212297,48,No
212298,51,No
212299,71,Yes
212300,56,Yes
212301,44,No
212302,31,No
212303,57,Yes
212304,66,No
212305,16,No
212306,39,No
212307,11,No
212308,30,No
212309,72,Yes
212310,26,No
212311,37,No
212312,45,No
212313,49,No
212314,13,No
212315,72,Yes
212316,31,No
212317,79,Yes
212318,36,No
212319,49,No
212320,59,No
212321,28,No
212322,52,No
212323,64,Yes
212324,43,No
212325,56,No
212326,3,No
212327,62,No
212328,23,No
212329,38,No
212330,27,No
212331,61,Yes
212332,6,No
212333,31,Yes
212334,40,No
212335,79,Yes
212336,59,Yes
212337,20,No
212338,65,Yes
212339,20,No
212340,35,No
212341,68,Yes
212342,32,Yes
212343,69,Yes
212344,40,No
212345,37,No
212346,34,No
212347,56,Yes
212348,50,No
212349,91,Yes
212350,50,No
212351,26,No
212352,55,No
212353,46,No
212354,39,No
212355,19,No
212356,58,Yes
212357,56,Yes
212358,75,Yes
212359,61,No
212360,58,Yes
212361,55,Yes
212362,83,Yes
212363,35,No
212364,12,No
212365,47,No
212366,37,No
212367,37,No
212368,59,Yes
212369,31,No
212370,78,Yes
212371,98,Yes
212372,56,No
212373,26,No
212374,14,No
212375,43,No
212376,78,Yes
212377,49,Yes
212378,83,Yes
212379,18,No
212380,61,Yes
212381,29,No
212382,45,No
212383,43,No
212384,70,Yes
212385,48,No
212386,58,Yes
212387,81,Yes
212388,6,No
212389,33,No
212390,43,No
212391,46,No
212392,39,No
212393,43,No
212394,44,No
212395,26,No
212396,72,No
212397,38,No
212398,8,No
212399,45,No
212400,75,Yes
212401,54,No
212402,29,No
212403,89,Yes
212404,44,No
212405,22,No
212406,52,Yes
212407,66,Yes
212408,51,No
212409,52,No
212410,67,Yes
212411,48,Yes
212412,18,No
212413,77,Yes
212414,56,Yes
212415,89,Yes
212416,18,No
212417,53,Yes
212418,27,No
212419,35,No
212420,66,Yes
212421,16,No
212422,66,Yes
212423,51,No
212424,26,No
212425,50,Yes
212426,69,Yes
212427,34,No
212428,89,Yes
212429,62,Yes
212430,56,Yes
212431,37,No
212432,63,Yes
212433,46,No
212434,42,No
212435,26,Yes
212436,52,Yes
212437,53,No
212438,56,No
212439,2,No
212440,29,No
212441,38,No
212442,49,No
212443,0,No
212444,36,No
212445,47,No
212446,24,No
212447,98,Yes
212448,43,No
212449,25,No
212450,61,Yes
212451,56,Yes
212452,15,No
212453,61,Yes
212454,51,No
212455,68,Yes
212456,38,Yes
212457,56,Yes
212458,40,No
212459,63,Yes
212460,3,No
212461,40,Yes
212462,69,Yes
212463,33,Yes
212464,37,No
212465,40,No
212466,47,No
212467,0,No
212468,87,Yes
212469,38,No
212470,75,No
212471,14,No
212472,62,Yes
212473,56,Yes
212474,84,No
212475,47,No
212476,46,Yes
212477,71,No
212478,70,Yes
212479,45,No
212480,31,No
212481,80,Yes
212482,49,Yes
212483,44,No
212484,49,Yes
212485,40,No
212486,59,No
212487,28,No
212488,56,Yes
212489,49,Yes
212490,47,No
212491,27,No
212492,23,No
212493,58,Yes
212494,79,Yes
212495,54,No
212496,29,No
212497,89,Yes
212498,93,Yes
212499,0,No
212500,58,No
212501,48,No
212502,47,No
212503,19,No
212504,20,No
212505,37,No
212506,39,Yes
212507,12,No
212508,46,No
212509,67,No
212510,70,Yes
212511,66,Yes
212512,41,Yes
212513,73,Yes
212514,73,No
212515,52,Yes
212516,53,No
212517,83,Yes
212518,30,No
212519,45,No
212520,59,Yes
212521,17,No
212522,6,No
212523,74,Yes
212524,77,Yes
212525,65,Yes
212526,56,Yes
212527,48,Yes
212528,23,No
212529,20,No
212530,80,Yes
212531,55,No
212532,47,No
212533,39,No
212534,26,No
212535,54,Yes
212536,39,No
212537,23,No
212538,12,No
212539,22,No
212540,35,No
212541,35,No
212542,76,No
212543,24,No
212544,23,No
212545,45,No
212546,29,No
212547,51,No
212548,42,No
212549,27,No
212550,44,No
212551,67,No
212552,57,Yes
212553,50,Yes
212554,50,No
212555,45,No
212556,75,Yes
212557,46,No
212558,34,No
212559,22,No
212560,76,Yes
212561,51,No
212562,61,Yes
212563,54,Yes
212564,12,No
212565,67,Yes
212566,78,Yes
212567,30,No
212568,19,No
212569,42,No
212570,10,No
212571,30,No
212572,16,No
212573,47,No
212574,96,Yes
212575,69,Yes
212576,19,No
212577,40,No
212578,73,Yes
212579,38,No
212580,7,No
212581,30,No
212582,15,No
212583,55,Yes
212584,46,No
212585,84,Yes
212586,47,Yes
212587,17,Yes
212588,46,No
212589,59,No
212590,33,No
212591,43,Yes
212592,36,No
212593,89,Yes
212594,37,No
212595,59,Yes
212596,33,No
212597,60,No
212598,14,No
212599,46,No
212600,69,Yes
212601,46,No
212602,52,No
212603,16,No
212604,55,No
212605,27,No
212606,61,Yes
212607,54,Yes
212608,36,No
212609,43,No
212610,64,Yes
212611,48,No
212612,46,No
212613,55,No
212614,62,Yes
212615,48,No
212616,49,No
212617,23,No
212618,61,Yes
212619,62,No
212620,54,Yes
212621,55,Yes
212622,45,Yes
212623,20,No
212624,11,No
212625,31,No
212626,37,No
212627,43,No
212628,52,No
212629,53,No
212630,45,Yes
212631,0,No
212632,53,No
212633,33,No
212634,73,Yes
212635,57,No
212636,44,No
212637,52,No
212638,57,Yes
212639,20,No
212640,31,No
212641,45,No
212642,80,No
212643,76,Yes
212644,51,Yes
212645,77,Yes
212646,67,Yes
212647,26,No
212648,41,No
212649,28,No
212650,73,Yes
212651,67,Yes
212652,62,Yes
212653,27,No
212654,31,No
212655,53,Yes
212656,34,No
212657,47,Yes
212658,22,No
212659,63,Yes
212660,51,No
212661,73,Yes
212662,18,No
212663,52,No
212664,1,No
212665,53,Yes
212666,41,Yes
212667,28,No
212668,23,No
212669,86,Yes
212670,91,Yes
212671,83,No
212672,82,Yes
212673,57,Yes
212674,26,No
212675,72,No
212676,49,No
212677,14,No
212678,70,No
212679,51,No
212680,42,Yes
212681,75,Yes
212682,5,No
212683,26,No
212684,35,No
212685,71,Yes
212686,13,No
212687,45,No
212688,0,No
212689,80,Yes
212690,74,Yes
212691,61,No
212692,56,Yes
212693,28,No
212694,19,No
212695,39,Yes
212696,27,No
212697,100,Yes
212698,42,No
212699,27,No
212700,47,Yes
212701,80,Yes
212702,63,Yes
212703,11,No
212704,43,No
212705,51,No
212706,22,No
212707,10,No
212708,53,No
212709,26,No
212710,43,Yes
212711,56,No
212712,5,No
212713,75,Yes
212714,19,No
212715,26,No
212716,25,No
212717,32,No
212718,1,No
212719,45,No
212720,27,No
212721,32,No
212722,35,No
212723,75,No
212724,26,No
212725,45,No
212726,56,No
212727,50,No
212728,27,No
212729,56,Yes
212730,9,No
212731,53,No
212732,44,Yes
212733,21,No
212734,55,Yes
212735,47,No
212736,34,No
212737,7,No
212738,100,Yes
212739,60,Yes
212740,58,Yes
212741,49,No
212742,68,No
212743,90,Yes
212744,14,Yes
212745,21,No
212746,100,Yes
212747,29,No
212748,58,No
212749,30,No
212750,56,No
212751,61,Yes
212752,66,No
212753,53,No
212754,28,No
212755,20,No
212756,35,No
212757,54,Yes
212758,57,No
212759,19,No
212760,55,No
212761,51,No
212762,21,No
212763,35,No
212764,65,Yes
212765,77,Yes
212766,64,No
212767,2,No
212768,40,No
212769,53,Yes
212770,24,No
212771,31,No
212772,34,No
212773,59,Yes
212774,33,No
212775,39,No
212776,36,No
212777,48,No
212778,22,No
212779,22,No
212780,10,No
212781,60,No
212782,55,No
212783,32,No
212784,58,No
212785,15,No
212786,35,No
212787,49,No
212788,37,Yes
212789,14,No
212790,42,No
212791,52,No
212792,42,No
212793,46,Yes
212794,44,Yes
212795,46,No
212796,63,No
212797,56,No
212798,35,No
212799,20,No
212800,36,No
212801,13,No
212802,12,No
212803,51,Yes
212804,74,Yes
212805,32,Yes
212806,77,No
212807,32,No
212808,85,Yes
212809,42,No
212810,79,Yes
212811,66,Yes
212812,57,No
212813,47,No
212814,70,Yes
212815,35,No
212816,79,Yes
212817,37,No
212818,64,No
212819,62,Yes
212820,80,Yes
212821,47,No
212822,14,No
212823,52,No
212824,13,No
212825,20,No
212826,55,Yes
212827,48,Yes
212828,64,No
212829,13,No
212830,75,No
212831,30,No
212832,37,Yes
212833,64,Yes
212834,46,No
212835,18,No
212836,62,Yes
212837,46,Yes
212838,33,No
212839,63,No
212840,74,No
212841,66,Yes
212842,45,No
212843,34,No
212844,46,No
212845,44,Yes
212846,39,No
212847,10,No
212848,72,Yes
212849,54,No
212850,44,No
212851,29,No
212852,34,No
212853,61,Yes
212854,50,Yes
212855,39,No
212856,64,No
212857,39,No
212858,39,No
212859,60,No
212860,46,No
212861,78,No
212862,14,No
212863,92,Yes
212864,41,No
212865,21,No
212866,56,Yes
212867,55,No
212868,58,Yes
212869,65,Yes
212870,58,No
212871,25,No
212872,42,Yes
212873,67,Yes
212874,48,No
212875,35,No
212876,42,Yes
212877,60,No
212878,50,Yes
212879,31,No
212880,63,Yes
212881,61,No
212882,22,No
212883,25,No
212884,31,No
212885,34,No
212886,21,No
212887,46,No
212888,87,Yes
212889,49,No
212890,28,No
212891,32,No
212892,43,No
212893,45,No
212894,45,No
212895,47,Yes
212896,40,No
212897,9,No
212898,43,No
212899,65,No
212900,59,No
212901,84,Yes
212902,43,No
212903,17,No
212904,17,No
212905,59,Yes
212906,8,No
212907,53,No
212908,14,No
212909,53,No
212910,38,No
212911,75,No
212912,30,No
212913,34,Yes
212914,48,No
212915,65,Yes
212916,36,No
212917,48,Yes
212918,75,No
212919,10,No
212920,70,Yes
212921,19,No
212922,27,No
212923,33,Yes
212924,0,No
212925,20,No
212926,36,No
212927,42,No
212928,48,No
212929,41,No
212930,43,No
212931,44,No
212932,59,Yes
212933,34,No
212934,34,No
212935,47,No
212936,68,Yes
212937,49,No
212938,43,No
212939,34,No
212940,39,No
212941,88,Yes
212942,33,Yes
212943,55,No
212944,45,No
212945,33,Yes
212946,42,No
212947,40,No
212948,53,Yes
212949,0,No
212950,43,No
212951,47,No
212952,65,Yes
212953,71,Yes
212954,40,No
212955,58,No
212956,21,No
212957,17,No
212958,53,No
212959,35,No
212960,29,No
212961,53,No
212962,58,Yes
212963,55,Yes
212964,14,No
212965,40,Yes
212966,27,No
212967,49,No
212968,51,No
212969,30,No
212970,37,No
212971,38,No
212972,33,No
212973,41,No
212974,42,No
212975,52,No
212976,46,Yes
212977,31,No
212978,49,No
212979,26,No
212980,35,No
212981,40,No
212982,78,Yes
212983,33,No
212984,0,No
212985,19,No
212986,49,No
212987,34,No
212988,56,No
212989,68,No
212990,19,No
212991,64,Yes
212992,15,No
212993,48,No
212994,70,Yes
212995,60,Yes
212996,36,No
212997,51,No
212998,14,No
212999,47,Yes
213000,59,Yes
213001,83,Yes
213002,48,Yes
213003,55,No
213004,53,Yes
213005,46,Yes
213006,29,No
213007,90,Yes
213008,12,No
213009,59,No
213010,34,No
213011,62,Yes
213012,69,Yes
213013,59,Yes
213014,67,Yes
213015,51,No
213016,71,Yes
213017,43,No
213018,60,No
213019,13,No
213020,23,No
213021,43,No
213022,20,No
213023,38,No
213024,41,No
213025,39,No
213026,30,No
213027,42,No
213028,27,No
213029,17,No
213030,22,No
213031,93,Yes
213032,34,No
213033,54,Yes
213034,68,Yes
213035,16,No
213036,62,Yes
213037,37,No
213038,47,No
213039,55,Yes
213040,56,No
213041,63,Yes
213042,20,No
213043,46,Yes
213044,73,Yes
213045,58,No
213046,44,Yes
213047,12,No
213048,43,Yes
213049,61,No
213050,63,Yes
213051,60,Yes
213052,30,No
213053,82,Yes
213054,35,No
213055,26,No
213056,59,Yes
213057,19,No
213058,31,Yes
213059,29,No
213060,18,No
213061,87,Yes
213062,89,Yes
213063,30,Yes
213064,74,Yes
213065,34,No
213066,14,No
213067,38,No
213068,47,Yes
213069,65,No
213070,22,No
213071,40,No
213072,83,Yes
213073,55,No
213074,22,No
213075,57,No
213076,55,No
213077,35,No
213078,19,No
213079,37,No
213080,20,No
213081,55,Yes
213082,45,No
213083,44,Yes
213084,43,No
213085,36,No
213086,53,Yes
213087,88,Yes
213088,63,Yes
213089,36,No
213090,67,Yes
213091,53,No
213092,40,No
213093,56,Yes
213094,92,Yes
213095,31,No
213096,53,No
213097,68,Yes
213098,21,No
213099,6,No
213100,47,No
213101,57,Yes
213102,58,No
213103,42,Yes
213104,19,No
213105,22,No
213106,19,No
213107,38,No
213108,37,No
213109,44,No
213110,22,No
213111,55,No
213112,68,Yes
213113,72,Yes
213114,72,Yes
213115,22,No
213116,23,No
213117,46,No
213118,18,No
213119,27,No
213120,57,Yes
213121,34,No
213122,42,No
213123,54,Yes
213124,29,No
213125,24,No
213126,58,No
213127,44,Yes
213128,58,Yes
213129,28,No
213130,74,Yes
213131,69,Yes
213132,48,Yes
213133,59,No
213134,56,No
213135,62,No
213136,48,No
213137,61,Yes
213138,61,Yes
213139,59,No
213140,37,No
213141,61,No
213142,52,Yes
213143,62,Yes
213144,58,Yes
213145,40,Yes
213146,71,Yes
213147,86,Yes
213148,28,No
213149,35,No
213150,99,Yes
213151,63,No
213152,44,No
213153,24,No
213154,39,No
213155,36,No
213156,51,No
213157,49,No
213158,54,Yes
213159,59,Yes
213160,73,No
213161,61,No
213162,49,No
213163,24,No
213164,22,No
213165,25,No
213166,34,No
213167,20,No
213168,83,Yes
213169,42,No
213170,62,No
213171,87,Yes
213172,39,No
213173,21,No
213174,41,No
213175,24,No
213176,26,No
213177,21,No
213178,33,No
213179,58,No
213180,74,Yes
213181,71,Yes
213182,37,No
213183,67,No
213184,36,No
213185,63,No
213186,27,No
213187,70,No
213188,69,Yes
213189,61,Yes
213190,17,No
213191,42,Yes
213192,23,No
213193,18,No
213194,67,No
213195,32,No
213196,56,Yes
213197,47,No
213198,64,Yes
213199,48,No
213200,38,No
213201,22,No
213202,33,No
213203,53,No
213204,21,No
213205,21,No
213206,54,Yes
213207,45,Yes
213208,100,Yes
213209,53,No
213210,39,No
213211,43,No
213212,56,Yes
213213,72,Yes
213214,36,Yes
213215,59,Yes
213216,55,Yes
213217,64,No
213218,66,Yes
213219,42,No
213220,29,No
213221,60,No
213222,70,Yes
213223,48,No
213224,60,Yes
213225,29,No
213226,56,Yes
213227,46,No
213228,63,Yes
213229,46,No
213230,53,No
213231,60,No
213232,70,Yes
213233,19,No
213234,58,Yes
213235,25,No
213236,59,Yes
213237,38,No
213238,13,No
213239,54,No
213240,40,No
213241,29,No
213242,100,Yes
213243,31,No
213244,92,Yes
213245,68,Yes
213246,57,Yes
213247,35,No
213248,43,No
213249,36,No
213250,23,No
213251,78,Yes
213252,42,No
213253,49,No
213254,58,Yes
213255,41,No
213256,57,Yes
213257,47,Yes
213258,21,No
213259,41,No
213260,62,Yes
213261,73,Yes
213262,82,Yes
213263,62,No
213264,46,No
213265,84,Yes
213266,33,No
213267,50,No
213268,15,No
213269,32,No
213270,31,No
213271,37,No
213272,25,No
213273,41,Yes
213274,46,Yes
213275,63,No
213276,58,No
213277,47,No
213278,23,No
213279,3,No
213280,34,No
213281,70,Yes
213282,36,No
213283,67,No
213284,77,Yes
213285,36,No
213286,28,No
213287,41,Yes
213288,39,No
213289,55,Yes
213290,49,No
213291,50,No
213292,24,No
213293,24,No
213294,53,No
213295,59,No
213296,37,No
213297,13,No
213298,62,No
213299,76,Yes
213300,71,Yes
213301,64,No
213302,53,No
213303,57,No
213304,59,Yes
213305,71,Yes
213306,54,Yes
213307,49,Yes
213308,93,Yes
213309,19,No
213310,88,Yes
213311,49,No
213312,4,No
213313,58,No
213314,44,No
213315,55,Yes
213316,54,No
213317,17,No
213318,60,No
213319,35,No
213320,71,No
213321,55,No
213322,64,Yes
213323,47,No
213324,57,No
213325,12,No
213326,72,Yes
213327,45,No
213328,24,No
213329,55,Yes
213330,31,No
213331,52,Yes
213332,16,No
213333,76,Yes
213334,57,No
213335,11,No
213336,61,Yes
213337,1,No
213338,60,No
213339,100,Yes
213340,89,Yes
213341,34,No
213342,38,No
213343,16,No
213344,68,Yes
213345,30,No
213346,51,Yes
213347,81,Yes
213348,34,No
213349,37,No
213350,22,No
213351,61,No
213352,36,No
213353,35,No
213354,56,No
213355,74,Yes
213356,51,No
213357,42,No
213358,47,No
213359,60,Yes
213360,30,No
213361,100,Yes
213362,15,No
213363,15,No
213364,50,Yes
213365,52,No
213366,64,No
213367,68,No
213368,33,No
213369,58,Yes
213370,36,No
213371,51,Yes
213372,50,No
213373,21,No
213374,9,No
213375,0,No
213376,33,No
213377,71,Yes
213378,66,Yes
213379,30,No
213380,72,Yes
213381,84,Yes
213382,71,Yes
213383,97,Yes
213384,48,Yes
213385,47,No
213386,38,No
213387,64,No
213388,19,No
213389,54,No
213390,0,No
213391,38,No
213392,42,No
213393,51,No
213394,1,No
213395,51,No
213396,30,No
213397,11,No
213398,52,No
213399,85,Yes
213400,61,Yes
213401,37,No
213402,58,No
213403,46,Yes
213404,9,No
213405,45,No
213406,27,No
213407,32,No
213408,39,No
213409,51,Yes
213410,25,No
213411,52,Yes
213412,44,No
213413,49,No
213414,50,No
213415,62,Yes
213416,0,No
213417,47,No
213418,50,Yes
213419,87,Yes
213420,84,Yes
213421,67,Yes
213422,18,No
213423,32,No
213424,62,Yes
213425,39,Yes
213426,68,Yes
213427,19,No
213428,83,Yes
213429,46,No
213430,70,Yes
213431,18,No
213432,100,Yes
213433,66,Yes
213434,21,No
213435,22,No
213436,50,No
213437,50,Yes
213438,61,Yes
213439,45,No
213440,61,Yes
213441,38,No
213442,64,Yes
213443,43,No
213444,0,No
213445,46,No
213446,31,No
213447,72,No
213448,21,No
213449,64,Yes
213450,10,No
213451,38,No
213452,48,No
213453,61,No
213454,18,No
213455,42,No
213456,66,Yes
213457,41,No
213458,44,No
213459,46,Yes
213460,57,Yes
213461,30,No
213462,33,No
213463,77,Yes
213464,41,No
213465,41,No
213466,30,No
213467,51,Yes
213468,46,No
213469,40,No
213470,19,No
213471,30,No
213472,56,No
213473,7,No
213474,84,Yes
213475,53,No
213476,30,No
213477,87,Yes
213478,73,Yes
213479,66,Yes
213480,48,No
213481,56,No
213482,35,No
213483,23,No
213484,43,No
213485,39,Yes
213486,28,No
213487,19,No
213488,33,No
213489,63,Yes
213490,32,No
213491,27,No
213492,67,Yes
213493,23,No
213494,83,Yes
213495,32,No
213496,27,No
213497,49,Yes
213498,49,No
213499,31,No
213500,11,No
213501,30,No
213502,57,No
213503,78,Yes
213504,45,No
213505,36,No
213506,53,No
213507,52,Yes
213508,64,No
213509,35,No
213510,40,No
213511,2,No
213512,29,No
213513,41,No
213514,69,Yes
213515,22,No
213516,29,No
213517,26,No
213518,51,Yes
213519,38,No
213520,54,No
213521,86,Yes
213522,45,No
213523,81,Yes
213524,63,No
213525,33,No
213526,99,Yes
213527,33,No
213528,52,Yes
213529,38,No
213530,53,Yes
213531,54,No
213532,35,No
213533,58,No
213534,33,No
213535,59,Yes
213536,40,Yes
213537,43,No
213538,44,Yes
213539,37,No
213540,100,Yes
213541,19,No
213542,49,No
213543,42,No
213544,56,Yes
213545,51,No
213546,42,No
213547,14,No
213548,97,Yes
213549,37,No
213550,45,Yes
213551,55,No
213552,65,Yes
213553,50,No
213554,25,No
213555,23,No
213556,33,No
213557,16,No
213558,48,Yes
213559,60,Yes
213560,61,Yes
213561,41,No
213562,25,No
213563,41,No
213564,56,No
213565,17,No
213566,74,Yes
213567,52,No
213568,73,Yes
213569,59,Yes
213570,60,No
213571,35,No
213572,0,No
213573,44,No
213574,70,No
213575,28,No
213576,13,No
213577,32,No
213578,71,No
213579,51,No
213580,26,No
213581,24,No
213582,65,Yes
213583,44,No
213584,71,No
213585,29,No
213586,6,No
213587,65,Yes
213588,34,No
213589,44,No
213590,31,No
213591,70,Yes
213592,7,No
213593,70,Yes
213594,47,No
213595,62,Yes
213596,32,No
213597,44,No
213598,72,Yes
213599,33,No
213600,55,Yes
213601,28,Yes
213602,89,Yes
213603,91,Yes
213604,21,No
213605,43,Yes
213606,63,Yes
213607,45,No
213608,76,Yes
213609,19,No
213610,21,No
213611,33,No
213612,73,Yes
213613,79,Yes
213614,81,Yes
213615,28,No
213616,27,No
213617,61,No
213618,67,Yes
213619,42,No
213620,46,No
213621,30,No
213622,45,No
213623,34,No
213624,73,No
213625,51,No
213626,42,Yes
213627,49,No
213628,34,No
213629,72,Yes
213630,75,Yes
213631,72,Yes
213632,44,No
213633,29,No
213634,44,No
213635,79,Yes
213636,36,No
213637,46,No
213638,27,Yes
213639,54,No
213640,59,No
213641,58,No
213642,90,Yes
213643,45,No
213644,42,Yes
213645,72,Yes
213646,29,No
213647,32,No
213648,43,No
213649,54,Yes
213650,50,No
213651,77,Yes
213652,74,Yes
213653,62,Yes
213654,64,Yes
213655,49,No
213656,49,Yes
213657,12,No
213658,14,No
213659,53,No
213660,20,No
213661,65,Yes
213662,61,No
213663,42,Yes
213664,100,Yes
213665,19,No
213666,48,No
213667,39,No
213668,95,Yes
213669,27,No
213670,19,No
213671,72,Yes
213672,35,No
213673,57,No
213674,33,No
213675,29,No
213676,53,No
213677,35,Yes
213678,61,Yes
213679,81,Yes
213680,72,Yes
213681,24,No
213682,47,No
213683,39,No
213684,23,No
213685,90,Yes
213686,24,No
213687,25,No
213688,38,No
213689,73,Yes
213690,59,Yes
213691,22,No
213692,58,No
213693,42,No
213694,55,Yes
213695,32,No
213696,48,No
213697,32,No
213698,43,Yes
213699,50,No
213700,55,No
213701,93,Yes
213702,23,No
213703,39,No
213704,84,Yes
213705,28,No
213706,40,No
213707,40,No
213708,29,No
213709,53,Yes
213710,87,Yes
213711,54,Yes
213712,44,No
213713,25,No
213714,55,Yes
213715,86,Yes
213716,11,No
213717,42,No
213718,15,No
213719,34,No
213720,32,No
213721,0,No
213722,100,Yes
213723,47,Yes
213724,49,No
213725,23,No
213726,8,No
213727,58,No
213728,67,No
213729,71,Yes
213730,35,No
213731,8,No
213732,55,No
213733,70,No
213734,43,No
213735,36,No
213736,61,Yes
213737,53,No
213738,55,No
213739,48,No
213740,5,No
213741,45,No
213742,51,No
213743,67,Yes
213744,1,No
213745,57,No
213746,28,No
213747,38,No
213748,62,No
213749,30,No
213750,36,No
213751,56,Yes
213752,8,No
213753,73,Yes
213754,54,No
213755,48,No
213756,63,Yes
213757,16,No
213758,1,No
213759,40,No
213760,13,No
213761,33,No
213762,34,No
213763,66,Yes
213764,17,No
213765,38,Yes
213766,28,No
213767,31,No
213768,82,Yes
213769,56,Yes
213770,48,No
213771,27,No
213772,26,No
213773,58,Yes
213774,11,No
213775,72,Yes
213776,21,No
213777,33,No
213778,35,No
213779,53,Yes
213780,49,Yes
213781,54,Yes
213782,3,No
213783,42,Yes
213784,34,No
213785,45,No
213786,51,Yes
213787,56,No
213788,47,Yes
213789,30,No
213790,58,No
213791,92,Yes
213792,43,No
213793,53,No
213794,52,No
213795,46,No
213796,13,No
213797,53,Yes
213798,73,No
213799,59,Yes
213800,63,Yes
213801,39,No
213802,50,No
213803,27,No
213804,35,No
213805,68,Yes
213806,26,No
213807,73,No
213808,62,Yes
213809,22,No
213810,60,Yes
213811,68,Yes
213812,14,No
213813,25,No
213814,52,Yes
213815,33,No
213816,16,No
213817,8,No
213818,43,No
213819,35,No
213820,60,Yes
213821,44,No
213822,64,Yes
213823,51,No
213824,43,No
213825,62,Yes
213826,45,No
213827,32,No
213828,54,No
213829,54,No
213830,45,No
213831,20,No
213832,64,Yes
213833,38,No
213834,53,No
213835,60,Yes
213836,58,No
213837,37,No
213838,50,No
213839,47,No
213840,69,Yes
213841,43,No
213842,65,Yes
213843,60,Yes
213844,65,Yes
213845,56,No
213846,28,No
213847,31,No
213848,28,No
213849,43,Yes
213850,43,No
213851,13,No
213852,25,No
213853,59,No
213854,24,No
213855,66,No
213856,48,No
213857,60,Yes
213858,71,Yes
213859,100,Yes
213860,64,Yes
213861,33,Yes
213862,41,No
213863,43,No
213864,31,No
213865,56,No
213866,71,No
213867,42,No
213868,28,No
213869,53,Yes
213870,24,No
213871,52,No
213872,41,Yes
213873,75,Yes
213874,59,Yes
213875,52,No
213876,47,No
213877,60,No
213878,10,No
213879,21,No
213880,94,Yes
213881,42,No
213882,34,No
213883,56,Yes
213884,69,Yes
213885,74,Yes
213886,87,Yes
213887,71,Yes
213888,53,Yes
213889,20,No
213890,14,No
213891,3,No
213892,29,No
213893,39,No
213894,43,No
213895,55,Yes
213896,70,No
213897,23,No
213898,43,No
213899,60,No
213900,46,No
213901,35,No
213902,32,No
213903,26,No
213904,71,Yes
213905,71,Yes
213906,52,No
213907,100,Yes
213908,73,No
213909,60,No
213910,37,No
213911,38,Yes
213912,72,Yes
213913,57,No
213914,10,No
213915,39,No
213916,38,No
213917,38,No
213918,52,Yes
213919,43,No
213920,13,No
213921,38,No
213922,75,Yes
213923,31,No
213924,48,No
213925,23,No
213926,27,No
213927,46,No
213928,34,No
213929,69,No
213930,42,No
213931,48,No
213932,46,No
213933,45,Yes
213934,50,Yes
213935,65,Yes
213936,41,No
213937,59,No
213938,68,No
213939,64,Yes
213940,23,No
213941,66,Yes
213942,43,No
213943,45,Yes
213944,43,No
213945,32,No
213946,39,Yes
213947,20,No
213948,22,No
213949,40,No
213950,37,No
213951,81,No
213952,38,No
213953,40,Yes
213954,63,No
213955,33,No
213956,89,Yes
213957,67,Yes
213958,37,Yes
213959,36,No
213960,76,Yes
213961,25,No
213962,84,Yes
213963,50,No
213964,42,No
213965,65,Yes
213966,34,No
213967,76,No
213968,40,No
213969,13,No
213970,29,No
213971,51,No
213972,53,No
213973,70,Yes
213974,25,No
213975,76,Yes
213976,69,No
213977,41,No
213978,32,No
213979,80,Yes
213980,52,No
213981,31,No
213982,72,Yes
213983,28,No
213984,53,Yes
213985,65,No
213986,61,Yes
213987,59,Yes
213988,100,Yes
213989,36,No
213990,44,No
213991,16,No
213992,44,No
213993,35,No
213994,33,No
213995,29,No
213996,54,Yes
213997,27,No
213998,78,Yes
213999,39,No
214000,19,No
214001,20,No
214002,48,No
214003,80,Yes
214004,48,Yes
214005,63,Yes
214006,6,No
214007,87,Yes
214008,33,No
214009,70,Yes
214010,50,Yes
214011,24,No
214012,46,No
214013,27,No
214014,36,No
214015,24,No
214016,60,No
214017,66,Yes
214018,35,No
214019,62,Yes
214020,44,No
214021,61,No
214022,63,Yes
214023,48,No
214024,30,No
214025,35,Yes
214026,68,Yes
214027,53,No
214028,39,No
214029,69,Yes
214030,49,Yes
214031,17,No
214032,42,No
214033,77,Yes
214034,44,No
214035,16,No
214036,51,Yes
214037,25,No
214038,39,Yes
214039,0,No
214040,42,Yes
214041,20,No
214042,36,No
214043,52,No
214044,14,No
214045,77,Yes
214046,25,No
214047,23,No
214048,58,Yes
214049,27,No
214050,43,No
214051,66,Yes
214052,28,No
214053,44,Yes
214054,57,No
214055,46,No
214056,31,No
214057,67,Yes
214058,51,Yes
214059,80,No
214060,17,No
214061,26,No
214062,35,No
214063,55,Yes
214064,33,No
214065,32,No
214066,34,No
214067,52,Yes
214068,64,Yes
214069,43,No
214070,30,No
214071,42,No
214072,65,No
214073,48,Yes
214074,26,No
214075,60,Yes
214076,62,Yes
214077,34,No
214078,43,No
214079,38,No
214080,41,No
214081,35,No
214082,52,No
214083,75,Yes
214084,20,No
214085,84,Yes
214086,70,Yes
214087,61,Yes
214088,40,No
214089,43,No
214090,34,No
214091,72,Yes
214092,58,No
214093,76,Yes
214094,26,No
214095,30,No
214096,39,No
214097,49,No
214098,45,No
214099,54,No
214100,32,No
214101,25,No
214102,3,No
214103,34,No
214104,36,No
214105,69,No
214106,69,Yes
214107,65,Yes
214108,10,No
214109,57,Yes
214110,38,No
214111,64,Yes
214112,23,No
214113,16,No
214114,39,Yes
214115,51,No
214116,46,Yes
214117,13,No
214118,62,Yes
214119,47,No
214120,20,No
214121,24,No
214122,39,No
214123,20,No
214124,40,No
214125,30,No
214126,41,No
214127,34,Yes
214128,45,Yes
214129,12,No
214130,29,No
214131,69,No
214132,46,No
214133,0,No
214134,28,No
214135,69,Yes
214136,20,No
214137,36,No
214138,12,No
214139,68,No
214140,37,No
214141,62,Yes
214142,78,Yes
214143,42,No
214144,58,Yes
214145,35,No
214146,62,Yes
214147,85,Yes
214148,66,Yes
214149,59,No
214150,44,No
214151,43,No
214152,70,Yes
214153,66,No
214154,77,Yes
214155,56,Yes
214156,52,No
214157,55,No
214158,60,Yes
214159,55,No
214160,38,No
214161,75,Yes
214162,10,No
214163,39,No
214164,48,No
214165,59,No
214166,61,Yes
214167,30,Yes
214168,59,No
214169,31,No
214170,29,No
214171,81,No
214172,50,No
214173,23,No
214174,56,No
214175,49,No
214176,75,Yes
214177,94,No
214178,69,Yes
214179,64,No
214180,31,No
214181,50,No
214182,54,Yes
214183,21,No
214184,50,No
214185,58,No
214186,45,No
214187,49,No
214188,48,Yes
214189,11,No
214190,36,Yes
214191,33,No
214192,49,No
214193,26,No
214194,51,No
214195,54,No
214196,69,Yes
214197,38,No
214198,99,Yes
214199,74,Yes
214200,41,No
214201,70,No
214202,88,Yes
214203,0,No
214204,41,No
214205,26,No
214206,47,No
214207,8,No
214208,18,No
214209,55,Yes
214210,91,Yes
214211,34,No
214212,36,No
214213,42,No
214214,32,No
214215,27,No
214216,45,No
214217,30,No
214218,54,Yes
214219,18,No
214220,39,Yes
214221,44,No
214222,32,No
214223,34,No
214224,30,No
214225,46,Yes
214226,29,No
214227,74,No
214228,52,No
214229,56,No
214230,58,Yes
214231,79,Yes
214232,29,Yes
214233,70,Yes
214234,26,No
214235,41,No
214236,53,Yes
214237,57,No
214238,39,Yes
214239,46,Yes
214240,35,Yes
214241,44,Yes
214242,70,Yes
214243,26,No
214244,77,Yes
214245,57,No
214246,41,No
214247,36,No
214248,43,No
214249,61,No
214250,37,Yes
214251,46,No
214252,75,Yes
214253,19,No
214254,30,No
214255,46,No
214256,80,Yes
214257,25,No
214258,59,Yes
214259,50,No
214260,35,No
214261,42,No
214262,9,No
214263,67,Yes
214264,59,No
214265,32,No
214266,48,Yes
214267,66,Yes
214268,38,No
214269,49,No
214270,75,No
214271,25,No
214272,37,No
214273,63,Yes
214274,41,No
214275,75,Yes
214276,26,No
214277,99,Yes
214278,54,No
214279,72,Yes
214280,68,Yes
214281,45,No
214282,63,Yes
214283,80,No
214284,30,No
214285,55,No
214286,34,Yes
214287,45,No
214288,21,No
214289,31,No
214290,20,No
214291,51,No
214292,32,No
214293,54,Yes
214294,14,No
214295,80,Yes
214296,32,No
214297,55,No
214298,100,Yes
214299,50,No
214300,26,No
214301,31,No
214302,67,No
214303,18,No
214304,48,No
214305,48,No
214306,19,No
214307,69,Yes
214308,48,Yes
214309,8,No
214310,65,Yes
214311,56,No
214312,33,No
214313,62,Yes
214314,29,Yes
214315,51,No
214316,45,No
214317,51,Yes
214318,49,Yes
214319,16,No
214320,43,No
214321,47,Yes
214322,41,No
214323,53,No
214324,22,No
214325,60,No
214326,19,No
214327,64,Yes
214328,70,Yes
214329,53,No
214330,18,No
214331,44,No
214332,50,Yes
214333,36,Yes
214334,47,No
214335,42,No
214336,54,Yes
214337,58,No
214338,41,No
214339,31,No
214340,58,Yes
214341,43,No
214342,38,No
214343,11,No
214344,67,Yes
214345,28,No
214346,55,No
214347,64,Yes
214348,66,No
214349,6,No
214350,54,No
214351,75,No
214352,67,No
214353,33,No
214354,69,Yes
214355,66,Yes
214356,61,Yes
214357,23,No
214358,40,No
214359,29,No
214360,100,Yes
214361,46,No
214362,70,No
214363,75,Yes
214364,34,Yes
214365,37,No
214366,66,Yes
214367,44,No
214368,20,No
214369,27,No
214370,52,No
214371,16,No
214372,36,No
214373,85,Yes
214374,78,No
214375,83,Yes
214376,25,No
214377,76,Yes
214378,0,No
214379,68,No
214380,30,No
214381,51,Yes
214382,82,Yes
214383,53,No
214384,16,No
214385,56,No
214386,35,No
214387,63,Yes
214388,58,Yes
214389,33,No
214390,72,No
214391,79,Yes
214392,93,Yes
214393,58,No
214394,48,No
214395,36,No
214396,47,No
214397,63,Yes
214398,35,No
214399,25,No
214400,42,No
214401,13,No
214402,82,Yes
214403,63,No
214404,95,Yes
214405,63,No
214406,52,No
214407,36,No
214408,82,Yes
214409,84,Yes
214410,19,No
214411,64,Yes
214412,29,No
214413,56,No
214414,43,No
214415,17,No
214416,62,Yes
214417,56,No
214418,58,No
214419,22,No
214420,45,No
214421,35,Yes
214422,58,No
214423,42,No
214424,56,Yes
214425,58,Yes
214426,53,Yes
214427,43,No
214428,77,Yes
214429,63,Yes
214430,57,Yes
214431,32,No
214432,38,No
214433,49,No
214434,35,No
214435,35,No
214436,44,Yes
214437,64,No
214438,59,Yes
214439,54,Yes
214440,38,No
214441,67,Yes
214442,54,No
214443,23,No
214444,60,No
214445,22,No
214446,57,No
214447,52,No
214448,41,No
214449,23,No
214450,65,No
214451,63,Yes
214452,58,Yes
214453,34,No
214454,33,No
214455,78,Yes
214456,47,Yes
214457,66,Yes
214458,57,No
214459,83,Yes
214460,34,No
214461,42,No
214462,72,Yes
214463,42,No
214464,74,No
214465,8,No
214466,58,Yes
214467,31,No
214468,68,Yes
214469,65,Yes
214470,30,No
214471,24,No
214472,28,No
214473,27,Yes
214474,48,No
214475,1,No
214476,12,No
214477,49,No
214478,53,Yes
214479,76,No
214480,36,No
214481,39,No
214482,42,No
214483,28,No
214484,94,Yes
214485,41,No
214486,39,No
214487,86,Yes
214488,24,No
214489,37,No
214490,69,Yes
214491,67,Yes
214492,57,Yes
214493,42,No
214494,30,No
214495,44,No
214496,57,Yes
214497,67,Yes
214498,51,No
214499,25,No
214500,31,No
214501,70,Yes
214502,52,No
214503,16,No
214504,31,No
214505,57,No
214506,66,No
214507,90,No
214508,50,Yes
214509,24,No
214510,69,No
214511,28,No
214512,35,No
214513,20,No
214514,12,No
214515,16,No
214516,38,No
214517,46,Yes
214518,54,No
214519,35,No
214520,35,No
214521,48,No
214522,40,No
214523,13,No
214524,62,Yes
214525,38,No
214526,67,Yes
214527,25,No
214528,48,No
214529,56,Yes
214530,31,No
214531,51,No
214532,93,Yes
214533,54,No
214534,10,No
214535,36,No
214536,40,No
214537,62,No
214538,39,No
214539,27,No
214540,45,No
214541,45,No
214542,40,No
214543,99,Yes
214544,48,No
214545,53,No
214546,34,No
214547,51,No
214548,13,No
214549,83,Yes
214550,58,No
214551,5,No
214552,42,No
214553,75,No
214554,33,No
214555,25,No
214556,40,No
214557,24,No
214558,44,No
214559,36,No
214560,81,Yes
214561,78,Yes
214562,28,No
214563,42,No
214564,21,No
214565,40,No
214566,0,No
214567,46,No
214568,44,No
214569,48,No
214570,69,No
214571,56,Yes
214572,24,No
214573,12,No
214574,43,No
214575,23,No
214576,34,No
214577,33,No
214578,62,Yes
214579,35,No
214580,51,No
214581,49,Yes
214582,27,No
214583,78,Yes
214584,18,No
214585,60,No
214586,70,Yes
214587,25,No
214588,99,Yes
214589,69,Yes
214590,44,No
214591,81,Yes
214592,14,No
214593,60,No
214594,36,No
214595,51,No
214596,69,Yes
214597,48,No
214598,6,No
214599,75,Yes
214600,91,Yes
214601,36,No
214602,61,No
214603,44,No
214604,18,No
214605,42,No
214606,38,Yes
214607,38,No
214608,65,Yes
214609,34,No
214610,34,No
214611,78,Yes
214612,91,Yes
214613,100,Yes
214614,47,No
214615,53,Yes
214616,31,No
214617,48,No
214618,66,Yes
214619,43,No
214620,41,Yes
214621,52,No
214622,38,No
214623,46,No
214624,21,No
214625,43,No
214626,52,Yes
214627,46,No
214628,87,Yes
214629,37,No
214630,62,Yes
214631,1,No
214632,66,No
214633,26,No
214634,64,Yes
214635,80,Yes
214636,76,Yes
214637,61,No
214638,67,No
214639,39,Yes
214640,43,No
214641,64,No
214642,11,No
214643,84,Yes
214644,74,Yes
214645,42,No
214646,65,Yes
214647,22,No
214648,44,No
214649,34,Yes
214650,15,No
214651,58,No
214652,59,Yes
214653,69,Yes
214654,31,No
214655,37,No
214656,57,No
214657,39,No
214658,36,No
214659,59,Yes
214660,58,Yes
214661,41,No
214662,77,Yes
214663,36,No
214664,52,No
214665,30,No
214666,66,Yes
214667,59,Yes
214668,33,No
214669,45,No
214670,52,No
214671,76,No
214672,56,No
214673,38,Yes
214674,30,No
214675,58,Yes
214676,13,No
214677,41,Yes
214678,51,Yes
214679,37,No
214680,40,No
214681,64,Yes
214682,14,No
214683,86,Yes
214684,35,No
214685,40,No
214686,49,Yes
214687,34,No
214688,54,Yes
214689,33,Yes
214690,60,Yes
214691,56,Yes
214692,30,No
214693,98,Yes
214694,97,Yes
214695,76,Yes
214696,45,No
214697,93,Yes
214698,66,No
214699,39,No
214700,42,No
214701,20,No
214702,34,No
214703,45,No
214704,11,No
214705,57,Yes
214706,30,No
214707,56,No
214708,7,No
214709,39,Yes
214710,57,No
214711,67,Yes
214712,55,No
214713,87,No
214714,41,No
214715,59,Yes
214716,92,Yes
214717,75,Yes
214718,72,Yes
214719,24,No
214720,46,No
214721,32,No
214722,35,No
214723,69,Yes
214724,69,No
214725,37,No
214726,29,No
214727,10,No
214728,53,No
214729,22,No
214730,50,No
214731,38,No
214732,38,No
214733,18,No
214734,62,Yes
214735,60,No
214736,70,Yes
214737,21,No
214738,59,No
214739,17,No
214740,52,No
214741,41,No
214742,23,No
214743,22,No
214744,20,No
214745,42,No
214746,38,No
214747,46,No
214748,49,No
214749,70,Yes
214750,62,No
214751,52,No
214752,61,Yes
214753,44,Yes
214754,52,No
214755,34,No
214756,35,No
214757,61,No
214758,45,No
214759,31,No
214760,62,No
214761,40,No
214762,5,No
214763,33,No
214764,35,No
214765,31,No
214766,57,No
214767,37,Yes
214768,39,No
214769,43,No
214770,44,No
214771,37,No
214772,45,Yes
214773,29,No
214774,43,No
214775,100,Yes
214776,41,No
214777,42,No
214778,39,No
214779,30,No
214780,45,No
214781,81,Yes
214782,55,No
214783,24,No
214784,51,Yes
214785,66,Yes
214786,50,No
214787,54,No
214788,68,No
214789,40,No
214790,38,No
214791,49,Yes
214792,92,Yes
214793,39,No
214794,93,Yes
214795,58,Yes
214796,69,Yes
214797,27,No
214798,34,No
214799,41,No
214800,44,No
214801,52,No
214802,49,No
214803,64,Yes
214804,0,No
214805,47,No
214806,38,No
214807,51,No
214808,22,No
214809,66,Yes
214810,81,Yes
214811,52,No
214812,38,No
214813,68,Yes
214814,61,No
214815,56,Yes
214816,34,No
214817,50,Yes
214818,69,Yes
214819,22,No
214820,75,Yes
214821,48,Yes
214822,45,No
214823,63,Yes
214824,55,No
214825,29,Yes
214826,2,No
214827,27,No
214828,89,Yes
214829,58,Yes
214830,11,No
214831,31,No
214832,48,No
214833,66,Yes
214834,0,No
214835,74,Yes
214836,45,Yes
214837,42,No
214838,37,No
214839,8,No
214840,40,No
214841,28,No
214842,80,Yes
214843,52,No
214844,76,Yes
214845,21,No
214846,25,No
214847,27,No
214848,60,Yes
214849,46,No
214850,57,Yes
214851,47,No
214852,20,No
214853,75,Yes
214854,30,No
214855,67,Yes
214856,28,No
214857,10,No
214858,14,No
214859,54,No
214860,69,Yes
214861,45,No
214862,32,No
214863,41,No
214864,57,Yes
214865,56,Yes
214866,0,No
214867,57,No
214868,62,Yes
214869,65,No
214870,61,No
214871,0,No
214872,20,No
214873,73,Yes
214874,69,No
214875,33,No
214876,42,Yes
214877,26,No
214878,75,Yes
214879,71,Yes
214880,60,No
214881,68,Yes
214882,43,No
214883,16,No
214884,56,Yes
214885,84,Yes
214886,60,Yes
214887,60,Yes
214888,40,No
214889,28,No
214890,76,Yes
214891,16,No
214892,59,Yes
214893,60,Yes
214894,48,No
214895,42,No
214896,90,Yes
214897,55,Yes
214898,64,No
214899,53,Yes
214900,32,No
214901,20,No
214902,36,No
214903,0,No
214904,48,No
214905,50,No
214906,48,Yes
214907,24,No
214908,70,No
214909,55,Yes
214910,11,No
214911,37,No
214912,70,Yes
214913,27,No
214914,32,No
214915,61,Yes
214916,33,No
214917,49,No
214918,40,No
214919,12,No
214920,28,No
214921,30,No
214922,60,No
214923,60,Yes
214924,14,No
214925,12,No
214926,58,Yes
214927,88,Yes
214928,47,No
214929,60,Yes
214930,23,No
214931,29,No
214932,31,No
214933,61,Yes
214934,53,No
214935,22,No
214936,54,Yes
214937,39,No
214938,36,No
214939,26,No
214940,71,Yes
214941,47,Yes
214942,33,No
214943,62,Yes
214944,28,No
214945,40,No
214946,23,No
214947,31,Yes
214948,37,No
214949,37,No
214950,8,No
214951,39,No
214952,46,No
214953,71,Yes
214954,73,Yes
214955,43,No
214956,42,No
214957,58,No
214958,32,No
214959,26,No
214960,9,No
214961,72,Yes
214962,36,No
214963,34,No
214964,54,No
214965,46,Yes
214966,12,No
214967,38,No
214968,60,Yes
214969,22,No
214970,45,No
214971,52,Yes
214972,20,No
214973,47,No
214974,43,No
214975,79,Yes
214976,35,No
214977,67,Yes
214978,32,No
214979,30,No
214980,52,Yes
214981,22,No
214982,47,No
214983,65,Yes
214984,5,No
214985,74,Yes
214986,50,No
214987,49,No
214988,17,No
214989,33,No
214990,34,No
214991,67,Yes
214992,48,Yes
214993,45,No
214994,43,No
214995,50,No
214996,68,Yes
214997,42,No
214998,35,No
214999,29,No
215000,21,No
